login,password,admin
psimmons,0sMP4fnAt,true
jpalmer,FDJjti0UWj,true
jmatthews,8lLmVvWOd,true
cvasquez,tpjO8aUJ5a,true
bharris,9T39V3Bl9eXc,false
ahenry,eijsDN9,true
kross,0nahfzxE2O7,true
hcrawford,yASMkLMDu,false
wwilliamson,oQCIXQY,false
jwagner,donLOY,false
rwashington,wvgdQCXc4J0f,false
madams,kM8mCtx3Yd,true
jrivera,cGz2wCfVd,true
wbishop,xn3WIL,true
mdixon,ymcz6jYwv7M,true
mwells,BVHYEPzvh,false
rhansen,zfdW0am,false
dburton,P8mvDyf,true
awelch,8BELubj,false
rharper,Jy9cC0cSIlA,true
hferguson,WQOmD8eYCAj,true
tdavis,6vzqq2Eb3LGD,false
jbishop,5YcDxrlCGv,false
fwheeler,g6CC67F45glF,true
wparker,Rabw9s5hq,true
jmorgan,RpZWaRz,false
jmurray,mAlB8LaWrva,true
swhite,NofeKE,false
kgrant,AAM1cWy,true
jjames,vFogvtX,false
rsimpson,RUeBpxSPw,true
rpayne,zXQTPp,false
rruiz,cRYwlW,false
wknight,y7w7DxOA,false
sfowler,UK0jMqbT5CmG,true
bphillips,2glMD2qr6r4,true
jnguyen,oYGkULpgvZ,false
jlewis,vqnna4LvegmE,false
pweaver,zLmJVx67vIT,true
jmartinez,82rA7MI4EnO,true
bnelson,1ypI6aWRt,true
afuller,juYdYQvh,false
dlopez,BkhdJA,true
bbell,OYvdnQN,true
nsullivan,vXM9PgCHH,false
fwood,8QloedfDUa,true
jbailey,wKjg8NLkvgE,false
speterson,Q8u2TMST0uA,true
jwheeler,AgqufjnWlXOy,false
cwebb,U1NFGj05cB,true
wbrooks,COFYNTnGKkt,false
dcruz,0ayqwA,false
aowens,dPTgl6s1k99,true
mjames,sQaX7ft,false
hwatkins,y1QokuW1Qw,true
rmoore,p2zNiELv,false
nspencer,kkVAGzWoQeN,false
egraham,XbaDD1wZWwir,true
nwells,iFwknTKO8,true
sgibson,fg2G9fWziP4,true
jmills,jc6yRW03,false
mhernandez,vFugH1hL,true
gcarr,wolW2jC,true
abryant,HsAGBo,true
tsims,p0KvQWL,false
sclark,YkjYygHFoL,true
dwallace,mSm5ba72H,true
bromero,bTbJJOdomc,false
wholmes,uw9otevFf,false
gstephens,tc8TjQKpyGY,true
slong,DinfdTkpp1F,true
amiller,EMsiR7mU,false
lcrawford,DEWivO,true
jjenkins,DMnUjXv9,true
pclark,d8sq6VZcN,false
jgreene,ZfCyOH,false
sprice,VhGfwo6y,true
cwelch,21UwzVKsv1t,true
kholmes,lbMzIVm4XNk,true
cgarza,u43ca1vm,true
rrichards,S5NbXp,true
tcampbell,xwvTPBNHh6W3,false
bgonzalez,mVyH9Uh,false
arussell,t8NEbnKgmUh,false
kperry,hLrrx23,false
jryan,XurXxPn1sbZ,true
bsanders,xYc4wBBQ,false
treyes,emnypbm9Z83,false
gowens,3PLIio6,true
jwells,99bDWNN1q,true
egeorge,4OCCabZqhcvI,false
wnguyen,Al3hOHu0xQiE,true
bwillis,6JWeVye,true
mstanley,lDqDibButkt,false
bmcdonald,cB2wn3MFO,true
khudson,U2DibWNrCw,false
cweaver,9rKXaoys,true
dwillis,X0JPawNDh,true
flee,lvsQ9T5,false
hhughes,eRGVGN2Lv,true
bgriffin,miG2UpVAtL,true
clong,Rjqx3iBs2jnG,true
aevans,ade0ulrhxANB,true
asimpson,kTpGS8gFLWcO,false
rmorales,eY4gi5,false
jthompson,ItRsT7Vo8Rpl,true
skim,RVtW73kBN9,false
bfernandez,Q1lbjm,true
wpayne,kIcuMMZmc3,false
eruiz,z1FYEWO1m,false
jmorris,vdKg6kz,true
gwillis,IHuI5PUrF,true
jstevens,9Ghi4qotbTO,true
mcarter,YWS7r41AJHGS,false
smcdonald,7Exb6gqP7R,true
dcoleman,pBhtClK,false
rgonzalez,lSt9pv,false
smiller,SwtJeuP67,true
ahansen,N0xu6hQNl,true
rbanks,VkJudyDIp,true
kbell,byguczPawEf,false
jwillis,LkjEHumqR0D,false
btorres,Ufwjo3OX,false
jknight,BzeqdZZw5ap0,false
aburke,y7kTVApR,true
jgarrett,bTXRiuZql,true
rscott,uvXOlIqVL,false
ecarr,31I8AEd,false
jnelson,s6lxfnUchH1w,false
escott,FH0JxHsF,true
bwest,soQJjKfQDM3,false
edaniels,7WzvtTooHI,false
rarnold,9yKZGU,false
awatkins,Jh1RnsODi,true
rburke,VvyggDMeS,true
jbaker,xWR9T7,true
jalvarez,achqMH,true
blong,HbfGvg,true
smartin,zWFzHz5gz5an,false
slane,lkRryOQF,true
eedwards,GctVhbmCBj,false
rspencer,aCy3FjS03,true
jweaver,ez816tq,false
jhenderson,Uh2YEeDYM9GW,false
jblack,HQcUsO7UcC,true
mhoward,oYKMDJ1Gd0p,true
ejacobs,KNtF53V,true
wbrown,R0mauKGcO3,false
rhunt,Nl5LIMaI,false
aphillips,G5hWQE6QK,false
awarren,l3PhoFlRJlXY,true
jfernandez,SzKu38Aoaj,true
tjohnston,wBVXHosekr,true
prichardson,7JrAYsu8gC,false
jsims,IfeTuHOuJ,true
bmyers,17m6YHKYgti2,false
wperkins,nGsgpvVFOD,true
aandrews,V2XWRP,false
hrobinson,j63uQyl,false
emendoza,2ZBRJUS5w,true
jwright,AsjypeQUm,true
jrice,EEtbTxpBNKE,false
fkim,Qyh1hfeR6rAC,false
elee,GUPTPCHMec3a,false
wberry,i8BRPTiW,false
jlopez,h7t77V,false
cramirez,XAzq8Oj,true
jross,efrvVgSC0,false
rtorres,REIDec,false
rlittle,AKbyKUE,false
gscott,nI3Oe3xwgP6,false
dwilliamson,I9WoAtI,true
ckennedy,w0pM50qoUVp,true
jaustin,BmXnKIDYHBn,true
akelley,1dXgWH40R3RI,false
aroberts,t5McuV82W,false
abailey,Yaiq7Ize,false
lford,rrFo6MlKFRT,true
rwatkins,B7oxQt,true
hwalker,Dq2fGriLTmq,true
lwatson,UHdMIZzW8Vuj,true
cnelson,alYl0v2t,false
lrichards,ofGnCR,false
dburns,1BTKs7VmUr2,true
dbrooks,ByT5jnI,false
kellis,PoHNtFY6FUz3,false
gkim,pAVBNd8L,true
tbradley,L1CeX7C8,true
jdixon,G9cTqAp,true
jharris,tM4j2NF,false
vbanks,QSnDsQJL,false
dramos,95EAv3cZzDf,true
mgonzales,aS6pid,true
clawrence,S6f74KiqO,true
lwheeler,B1e0dK,false
narmstrong,Z1UobMo,false
aellis,y1oNuG8xNLuH,false
pwheeler,eJhu9lnM,true
jbowman,ZG2heGPUbT,true
bwood,DY4wTJx,false
lboyd,WvNVogmSA,false
twatson,e5uhRQl,true
acooper,Ks5X6tY,false
arose,0gLJ2WbVT2,true
crussell,iRrcU8o,true
hwilliamson,UReSVGD,true
wramos,frV4YNlEk,false
nreynolds,SjKwzP,false
jhicks,3zdEZAfjh,false
jlee,JLnO8n,false
jboyd,z9MOrrxpu,false
chunter,tFYJrI,false
rpeters,bOT8XSW2g,true
swarren,JOIoi8H73,true
emorrison,92PMKg4,false
gcrawford,S38Nr5zR,false
hyoung,OTAwrnqXrY,false
jbennett,Txdw69etIj,true
gwarren,hhhReb,true
jkelley,xkOOt5juby,false
cfowler,n2SDuvyQ24,false
rgutierrez,yQLD8TCq,true
rhamilton,NYqXejbnU,true
wwalker,yAM9UM,false
pfreeman,hfkkaP6,true
sdavis,B2rTsqNWK5cp,true
amason,oyMpZxdv,false
cking,5ZFqQrW,true
molson,127VRZVjexB,true
lalvarez,xVhKVcsEDj8,false
eturner,lnkqlHEAV,false
egilbert,dko3h40ss2,false
lroberts,GUotJuO,true
pcrawford,mmPNaNj,false
gfreeman,IqAJxvp,false
mbell,zPEwvVstuCfA,true
lmeyer,M8l637,true
gfernandez,ieByojpMBO,true
smason,hEJKHkApx,true
pmurray,iXSQTyO38J8,true
bdavis,tinhMG0igf,false
esims,Jv6VeiDfPGpL,false
rlopez,WjWvra,false
emoore,zgIfGZCbjyLQ,false
dwatkins,FC0CKU70,true
pwalker,AUk0tjhKc6,true
dduncan,qyJYmH3N,false
bcoleman,tBcC6xToqLgr,true
cmurray,0pnsn6d87p,false
jjones,Jl3M3U3IjMA,false
bparker,62dSYGidM,false
jarnold,tFAvKSb,false
dlee,TS7yFG,true
ehanson,ZMHoJXL,false
bstevens,xyqVMrJ7,true
bdunn,GDMJH2lBY,true
tortiz,0n3BvG,true
ttorres,IWAi09M1,true
shill,fRDwegoc588,false
jrichardson,2ynEeasxbJj,true
calexander,PxzH6dYF,true
sjohnson,awfh0R,false
lkennedy,7mUlMG,false
rhunter,Iu7Vopz0O1q,false
bdean,6eF1phZuowB,false
rmendoza,Ip4kRr3L,false
dgonzalez,NTK6ONed1prX,false
awheeler,Dsp5FIk5J,false
csanchez,7Fxz8aRY,false
jcook,ZH0ncA8,true
sgrant,wo7kvAg14B,false
ctorres,GZNnFr,false
fwells,XUs4ae,false
rblack,QgxBpRe9TMnx,true
fgrant,RmkoOBVQbhCe,false
pcox,sD2i1kz,true
bjordan,R1S8ewV07On,false
eryan,SXpLeeUN5,true
jlawrence,yvscdnxu,true
cortiz,IZEx2pkY,true
amorris,Jp6ncbI,true
jstephens,2szgnj,false
eross,BaD4KhjQY,true
rmeyer,LQTbVbS,true
nhicks,5wVoSd,false
ppatterson,C0MnIbZCs,false
ethomas,KtmtspQgtIYx,true
shart,MU9Z6b,false
wbanks,gW8hsKOKZa,false
rcox,fikkM8wB,true
hward,xropHXe,false
jhawkins,IdWwbm4L2,false
elane,XNX6Eo6nb,false
gsnyder,TIm4BkdPke,false
cbowman,1OF35sHFlE4,true
dmccoy,xdIMJK,false
lferguson,6Qetp5DkWgt,false
scollins,jG1bEncg,false
vnichols,K6R9jxAs,true
fbell,7SUmZSqSa8fX,false
eferguson,AN7r1AiPz0Rm,true
ccruz,oz9me4H,false
crobinson,3QX2VwNf,true
kwatkins,T9DLz1Q3BDZ,false
pgarcia,NDQfESMA,true
pgonzalez,tKVD1A5fc7,false
jperez,z7QVgCCvyTK,false
wedwards,nGdtjUgVC,true
wgardner,MXubd3,false
wsimpson,6onGKPoCKO,true
hgibson,oURb6RezCZ,false
sward,a9QwkVV9Ig,true
ecarter,Bo5DOJcyVjT,true
hsnyder,nvzko5,false
gthompson,AZlK3eyT,true
baustin,jCzIE6Bngwp,true
jkelly,0CL1iKyKt6l,true
bcampbell,x0V6B0iLR,true
ephillips,r9vMNLDUt,true
wlopez,WK67Op,false
jferguson,I5hbaZ3SeMK,true
jsullivan,Pli4Vg2Nr,true
pjohnson,BZ6F13iPw,false
jmedina,Em9btA,true
hgreen,zC5JviqURoP1,true
wwatson,uWZv9itR4,false
mbennett,gaFFLHicLDF,true
ppowell,p5voY0PUe,true
mward,ojxJVi,true
jroberts,OT1rKw4RC,true
acarr,VCPVhQ73,false
bgarcia,vHSe0TloURKq,false
rperry,GXoJhRNI,true
cturner,Bz6mm6Anv,true
sfox,ou7dtE4GJxl,false
slopez,Wed40OsD,true
hchavez,Bk4BspYNRa2,true
acole,gAwjJaIfG1,false
rbailey,nbFvbiWD,true
jhowell,1RMvmE,true
tramos,UvQix2DZno7,false
wgraham,MdGFYF,true
mkennedy,Rwh1cdbx,true
kpatterson,wtOCHoxNw1,true
apeters,HLgEQUTicQcF,false
aharper,QhGLByAVNE,false
mdunn,v9HYD0Qbr,false
jtaylor,RvquE5,false
chart,vdBQl7CI,false
ahawkins,mtt83lUscSG,false
jspencer,nR4Bfa0pF,false
jwhite,JhS3IyfBikco,true
mmontgomery,F6Rb94,false
rsanchez,MiYS3OHPMZHX,true
jwashington,ArgEyXbDEC,false
jcampbell,85Dv7xt8so,true
etorres,sJS5WOsiE9E1,false
cnguyen,eBrgtJos,false
rramos,TF9NKa,false
jflores,uVIuaIiUT,true
doliver,iQSVRP3o,true
ajordan,dlr8VBAHIZjr,false
brobertson,o7UgAj8m7,true
chansen,E7fz7hH,true
jmartin,ExcmIf0,false
wmurray,A9EfiKKOTA7,false
bhayes,BYLYa8TLakEI,true
mclark,8kmLHqMsIP5,true
llane,V5dCeQO,true
kcooper,twUh2OM3GKNw,true
smurphy,0p6LHWw,true
kthomas,YWWk0MmHx,true
tmurphy,UJDTe2m,false
bspencer,9yWBNB,true
agibson,DFhTz6E5v,true
jdiaz,Z6wEZZyU,true
bwelch,F9Sif1Qd3WdH,false
swilliamson,YVEfK2W4lO,false
phansen,QRL9rKD,false
gramirez,3ryzUb,false
adean,Xi7mwyzq0QJ,true
gwallace,IKFHHIPOBIj,true
griley,PalNUbMXWp0,true
dclark,aEHNTet,false
acox,N1GKjdfY3,false
ewilson,Od2Roy,false
rdixon,AgGuQUChg,true
pgilbert,OMEYwoBhYlgh,false
hlane,7UsWEQ,false
tcook,sEhk5zd2i7,true
jowens,y1by0q,false
jking,xfNfdVm,true
cromero,HAhgHC2VOP,true
tcruz,HRiJALy8nVNW,false
fbanks,PeB7eSalzo,true
vcole,hJQF0bt,false
levans,BFhSdHyTm2K,true
abutler,h9YABu6lF8m2,true
kmyers,hMgSBum2,false
aburns,pRAjw1zaSHdw,false
pturner,XGhobAULI7S,true
cstevens,n98TrVTifmQO,false
tmoreno,nZKwhR,false
srodriguez,JBjvBE,true
hstevens,6i9WBfO36yY,false
rcrawford,O1Px8edt,true
jevans,MATH8mm0ho,true
sbishop,ZI3Hbb2Y9u,false
ahunt,dbE60dhbM0,false
bberry,9cKgxn,false
ccarpenter,4jzMzPREznga,false
fcruz,fP5DCTL,false
mjacobs,2Cs5FK1o0fI,false
jromero,268XkElR9nD,true
gpeterson,KNyThpd1xZd,false
jharper,g113VOKojwj,true
gwilson,QSVYkoQ,true
blawson,0O9r7T1X4,true
dbrown,tANmpBa,true
rmarshall,w6vD5T7Ze,true
shayes,jwd39ly5,false
roliver,al6ZM0X,true
rrussell,ikX9ISgk9EBj,false
sschmidt,NiIQ1vx2dOW,false
vdaniels,tSVZ6Gee4Aey,false
pwells,BXiQJf,false
tbrooks,EM465P4lfj0,true
wreed,muxrSc8boH,false
fhill,8I2xIK,true
bpeters,L2knaHNcHS6s,false
hreid,FBfOlyey,false
pbaker,S4foIKwz,false
mmendoza,wYB1tjCjr2,true
jphillips,qa0EspUSP,true
kjames,2EBHRiE,true
wbaker,UrvuThPN,false
jriley,r1jO966,true
afrazier,IkRwl1VJt,false
htorres,hD7dmUp2,true
chughes,EEhcAknl,false
pwagner,OJFkxV2fQY,false
chenry,NbDNQEWc,false
vmendoza,dxcfeYs28,true
rwilson,KjkZxT2q,true
jburns,Vj1L8tG,false
sbutler,Sn4Qegxlf,true
rkelley,65OmOh,false
rwarren,XDuC5Cu3,true
sdunn,T8LL5gY0z,false
wgreen,SmxplREcKU,true
wmitchell,s88oETTB,true
cmatthews,cwDv75,false
hhunter,Fnj6pIv,false
mlong,opHOmBxj709e,true
rmurphy,KPI6TeFWP,true
bramos,H7Y5sJc1Dvdm,false
rhudson,bfBrdqRXE,false
tporter,rWDsXK2,false
jreyes,jrf1buMgD5Ma,true
cbryant,C9b72X,true
bmatthews,2Lb8Qb,false
ccunningham,Fb1jqkJHtGFP,true
larnold,ZiEprp2rm,false
mday,ew4pqL1CiRTl,false
mshaw,TqtDiwZ5eB54,true
mcole,WqciX7skf8,false
pmccoy,RXcWGQQjOV5,true
rmills,JT3WQpCN0Uw,true
tgreene,VdgWMky1vWE,false
rturner,LyEL6y,false
mmartinez,g1Amo5F88EI,true
phanson,q7F6pektbi,false
egriffin,0TQ6TRueqg,false
pbowman,JxQzhnCxfLq,true
wwheeler,j4Otv15,true
tschmidt,Cu0TM9Z2B,true
jperkins,3sYgFYLCM,false
bgrant,cLXr00LLL4fz,false
jhernandez,0t2HgLt19bZ,false
gmorales,1azEgM,false
pmeyer,2mz46J,true
bpierce,lbeFdYb,false
dlawrence,AKOHat,false
egreene,b1enRF1lQNH,true
jwoods,TFRwD8gozP2t,false
kjohnston,yLr169,false
hortiz,CWwim6Y,true
mbrown,UTAxIdATd,false
jstewart,anqcjYuke,true
ecunningham,qTD4YVKzql,true
charris,UphFQw4gOFpi,false
swagner,OJ7AimOz,false
fwatson,9rzclnTuT9,true
efreeman,PFtvbvU,true
ehall,mTyqT0rr0EaN,false
scox,sw7NW2,true
lallen,697f00,true
hboyd,baEcrX,true
jmccoy,b1FUYjDo,false
khowell,LsuRwrCk,true
ahart,prRMlbaTRD,false
slarson,bcy9cnI,false
spalmer,TR0thh5,false
agray,g5CE6sVm,true
bfisher,cE0oeutxqzkU,false
mcarr,RXdcNK,true
wperry,esqa1GJ,false
cburke,p09VxaIDORm8,true
scarr,nGgKdQn,false
aramirez,bCu7J8cPIGoB,false
atucker,nHEWKAI,true
snelson,EcrIwitJ4b,true
jprice,qdV8ynaD49S,true
rrivera,WgKPglNov6,true
golson,2B1IylVzJwpl,false
jsanders,S4UCmuzh,true
bkelly,d6jxus,false
efowler,YnjJ2tai,false
wkim,jrdeUOFJHLK,false
ethompson,Yjr6iEVQ,true
smarshall,hyQuI3MPQhJ,true
rpowell,Y5hT6mN,true
anelson,QWdp5SrID,true
twilliams,AG6ZhApNWB0,true
cjenkins,WDWV9fouFgb,false
jpeterson,QtSsVFoe2,true
pchapman,td4o8rqZGe,true
bwilson,5MsXIz,false
hhudson,S5UfzN,false
tgilbert,xIYAXX,true
bbarnes,Jad5re,true
jlane,A60vHr,false
rday,iJ2Xsb,true
vhoward,hynW1TpK7,true
jpatterson,W7hjHV4R5lj,true
fmurray,UBtRN3RD5w,true
pmorgan,xomWQaiDi,false
slynch,jthS6WToF017,true
bgraham,odV7zNpWU,true
falexander,H63dNQVPxks,true
vsmith,YmJ1ZQIc,false
cryan,Q8robolwL65,false
cmedina,Mn2Q8rnp,false
twhite,vbkasSQZfg0,false
jortiz,kr9Sew20,true
acarter,6HbA8uMnU6,false
jwalker,DSMZ9K48s0,false
tellis,1pIEq45u5A,false
sruiz,uVVAsyKjEpkX,false
cwallace,8kHpN74io,false
wdixon,oC2Kl9AqFz,false
agordon,ihrmDfJh1jOy,false
bpalmer,FEmvWV10HH,false
rford,k4C1OQacHuD9,false
cbradley,jhKvkt0gO,true
wramirez,YyaBTgunXu,false
jcarr,dL35Y5U,false
arichards,HwTduK62,true
rrichardson,35qR8e,false
rdiaz,TZGrlTxM,true
sray,1AU6S3Frlk5J,false
wdaniels,pR2MjhKu6yj,true
ahernandez,8LPOa4Sn,true
adixon,QqTXBNQBPv,false
ehicks,LRcxpyJj9XZQ,false
jfrazier,mDVnY1A,true
lsullivan,s9KUyYHU8J6,true
mlawrence,jA8yyvcLh7,true
tmedina,C6yCyVF,true
carnold,MroAstDXbQfR,false
hmoore,tL7MEK,true
jrichards,XaNQZ8B,true
tfisher,c4mpb7pbG8e,false
gnguyen,qAG02ul,true
bhughes,rX4ub48,false
cdiaz,25rUYSh,false
chall,NjZrsIUN,false
jstanley,Z5ZidaUs,false
hwashington,OLu33ulQ,false
jclark,iWosHpph3,false
shunt,bA0Omw0NLY,false
tcoleman,OZT3pmCE,true
tgonzalez,CzeS9Famm,true
dward,0crn914yX9,true
dkim,r8DqpCjoW,true
clane,aVLpp4hC,true
kcampbell,3nWiovz,false
enelson,8LsGc8X,false
hhansen,xsxHF8S,true
rmartinez,5T8JaQThop9I,true
bmedina,9rIFpzBPmE,false
thoward,8qD2UPgs9iYb,false
jkim,7FdGtLhY,true
jhall,OeC6xvL9r,false
gdean,w9TT3Alsni,false
edean,QYjzwh,true
jfields,bNwXAN5Afk,true
pgreene,n1ZMozXzGsb,false
psmith,yACiBx7aJX,true
hgordon,0lHPKAfuVf47,true
cgibson,w9Q8rxs4,false
jmarshall,gx7B4oqUkE9,false
espencer,gchPiO,true
dpalmer,k4X5fSf,true
jgray,tZGtNyFp0u0,false
jpeters,IKbalzjq1S,false
tphillips,OJjpqHnd7vU,false
hsullivan,yZ4H4E9cW,false
jsmith,2pDrYD,true
gwoods,AVLhmfgmg,false
hgomez,UduHfCVShbUd,false
rlane,dhFYuWVxDzt,false
ssanchez,LwBsET,true
wfrazier,JrQo1bfViAf,true
dwatson,slv4SjVr,false
dpeters,ehea4q0Z,false
hcarter,Yo5cKKyOvAD,false
kprice,dhet5n684EN,false
greynolds,Uaa8Zc53M,false
eharris,z794oyvwpfv,false
ecruz,eFQapYqRy,true
dmitchell,0SbcTLbWuv5n,false
rgilbert,gf0Oij6zys,false
wevans,Dm84tGACAjT,true
ghowell,8LxDgqwFYhy,true
kreynolds,p2GfnZP,true
jwood,CyoBZ5J,false
jcastillo,x0fMm2,true
sjackson,DVwOgo9,true
sgeorge,Z9G308x,true
jjackson,BTkTBJZ8mJvA,false
dbradley,A3x7r9,true
aweaver,Axa2UsEA,false
lrivera,ytYTnpEBq,true
jcruz,5kzWe2f,true
hwillis,XBvI7Vy,false
nroberts,hBqtTV2n7Hr,true
aalexander,eefXsPaGXX,false
kwashington,N8IWZNNGsD,true
ncook,GHWAFFGhV2VP,false
hroberts,j62pzfVQPZ,false
cday,PrTRsp,false
acoleman,Itq9wj,true
alawson,oPaY7Z,false
bbaker,W7xMcOAi,false
akennedy,YKX0oGJ,false
rgarcia,t6GNyopl,true
fhunt,GzfaQu,false
hwest,RQJLLHYfAU4t,true
jhughes,hNbctMn4T,false
jmeyer,WiqHJgQ,true
rmccoy,pg4rNASTF,false
kphillips,zwCuKBGrQBal,true
rshaw,dGp52uKy8XZ3,false
erice,mbZE0c,false
gthomas,y1g5NB0,false
cramos,aP87fucRIZ,true
pbrown,8o1ufG3HN1,true
pstevens,fDQrk7ROH6,false
rgibson,H0HhWJsSr,false
ebryant,0xkWtx,false
jlynch,w9XCS5wLCwmW,false
rbrooks,mtkSIDhK6Fpt,false
wwilliams,85RtwjBLv5Us,true
amoore,CfbnryL,true
jday,On7LdP1hGeLN,true
jbrooks,G2TFlvn,true
gbell,CgaOvueMuf,true
hhunt,hhJES8R,false
drichardson,DidrebdALG,true
sramos,knt7HXfgcXvN,false
ggraham,kF6yzF26lJ,true
gburns,fKdKBHbEoP,false
dwells,eeBQr7Ta3R,false
jbutler,S2TMA1YI,true
eford,H90hPyay,false
amcdonald,xE5FM3my,false
rhayes,854YvTEgIQl,true
pramos,1WCXd0,false
cellis,YBHo6YH,false
lmitchell,1BxVrCr9E,false
bjohnston,wOcNeQt,true
rgardner,yNuaboP0O,false
tking,JmKTT8x,true
jgomez,UMSDfjOL,true
rkim,MihaEyVNWv,false
jgardner,aO9TPjC,false
tmccoy,jAGy6o3EQD,false
pschmidt,ZnBgqvk5CW,false
lcastillo,J29uetcOm,false
wolson,qzdzYhKQf,false
rgrant,XG4iZ1SQM,true
candrews,5Hk7HUEyBQ,false
hbradley,pTMYG9ZC,false
jcooper,pOC6sFcI,true
gsimmons,aXiQIm,false
twagner,Vh9C4hM2,false
bjackson,0RWd3BWmUJ,true
balvarez,iwvtsSd,true
rgordon,nBt5SAbKZ9Xf,true
jyoung,TzhtRrD,false
acarroll,w1I4hmEZ,true
mromero,wwvqa0qzJCet,false
afox,Qpbnjr,false
scooper,JbgI2sPFf3,true
bhernandez,Nb56gr8N,false
jramirez,nttMkD,true
rhenderson,zJ3JSJuHmO3o,true
mgarza,9ENoEOx,false
awhite,sopWmwT,true
wvasquez,RQjft4,false
ajames,uP6QdF,true
cfrazier,MRmNkdyHxV,true
sburton,bHAwN6hG,true
trogers,zPaKa8p5APg,false
bwatson,Zw6hF63Ah,false
mstewart,JFjaEbYt2gLi,true
wstevens,tPK8tJ78,false
jmorrison,sbxsGcBq1h,true
hlynch,suIEyG5lilc,false
nfoster,TCETFIW,false
kgriffin,NuRcSe36tr,false
mgordon,GUP9tELG,true
chawkins,CXDe3xG2wqq,false
gwright,6FgyUVU,true
tgordon,ZJeP43VZJ,false
aarnold,fcuE3HCK8B,false
prussell,vHWS7piq,false
pbennett,yYbbW9UN,true
jtucker,Wo1okMLR,true
jduncan,9IiyRI,false
canderson,CoB2qCE627,true
wsanders,mQdtAk0x,true
aking,NFBYQSXr,true
wjones,5wzj4gYqJr,false
cstewart,ADded0K5Y,true
abishop,L7LCwXl8MHY,true
breynolds,6qY4e2,false
calvarez,mqnaod,true
pjenkins,mUjCgIMx,true
mwilliams,RpDvFWDzCRh,true
agarza,XcoAcSPgVh,false
wrichards,smbJww3l1x0v,true
sedwards,tjLi70i,true
bandrews,VI9TKcM7kNZ,true
sgray,twhUEd,false
jmorales,E0qyNO,true
dwashington,rzRwt6bLo6OQ,true
tflores,IGTfBfAPrC,true
cspencer,LiArs3KNoNFH,true
agilbert,09Q4SlmJZD,true
rcarr,4S9pljavgWI,false
wburns,vK4QIrkd2,true
trose,uiV1R3,false
dcole,Tg9rYggYP,true
gkennedy,28yQH50r,true
plopez,DpE8ZbiUKm,false
dgardner,UQZ3fF,true
lwilliamson,RZQU5yEqm6qJ,false
cowens,6TwBSY5vIw,false
rpatterson,vnS576grFP,true
sfranklin,dZNIYQ,true
rsullivan,x1G0CWAcC,false
jjohnston,U9nXbskOeu,true
sperkins,hZFYcUA4,true
jpierce,09aqRpuWJ7R1,true
khansen,nqnMygfg,true
arichardson,1TV8Ngzlo,false
bstewart,p9yTMg5,true
hmcdonald,8kUeMd,false
gsims,zVBoXZs,true
rtucker,tplfqS8zZ,false
egreen,UuZznN7,false
rcollins,Y97bHl,false
chamilton,1lNGBjuxuRl,false
fstevens,93fp2mbPcLvz,false
bfreeman,spdTqsuB,true
wdunn,JtN4Ex,false
wrussell,jowGvav0Gt,true
ksimmons,Cx9wyj,true
brussell,RtqLuWFfs,false
swalker,eDYvYRFhKfOr,true
talexander,IqSH2k2,true
emurphy,UU6zmQY8,true
rreid,OdI3iP,true
vmills,eeDEZaEj,true
jburton,JFsRFE6OLx,false
djordan,paNTkCZfZZB,true
fortiz,8gSRyDy,true
arobinson,2xZFmb2RS7,false
fcunningham,qD3ZOBbAY,true
fspencer,r8LW8bDAfL74,true
esmith,Vk8hDr,true
rlong,yo0jvFc,true
pcruz,zqM8xw6Ihc,true
ablack,7FSociIegb,true
gtucker,UXwyVjx4jnKK,true
dpierce,XIfXOp4QBm,false
ddunn,Y4xc9RmyWm,false
jperry,4qcNhYKi3ddo,false
ffuller,KSbRcXxC9,false
hrodriguez,yuJk74je,false
garnold,E9Y3LbDZ,true
jmurphy,YYMkvQZ,false
ptaylor,Quz7tCgaoh,false
elewis,Civ5HVGae,true
sbarnes,MqMJuWacMJRP,false
mcrawford,XrMF5QdR,false
ptucker,P9W3wp,false
wkelley,SMzw3B,false
ewashington,QAm25MCS,false
jcollins,4XjsnV,true
jruiz,DV8TfKDyu,true
hcollins,dMciNJ,true
twood,m2zndH02n3,true
mjohnston,ViUVG0,false
hshaw,1YrqYig,false
eaustin,RaK6X2peVQT,true
pwallace,jmxq9587QFF,false
hwood,B9I14I,false
cphillips,cELu6iifH,true
scoleman,dibHfKh,false
fkelley,bYz1NbivkkB,true
bgibson,iTz3fyrN3OQX,false
pkelly,5PXzVX,true
hknight,vNpZu8Aj,true
rbennett,ZfLOy9vovf,false
rhoward,qLpCaJLO,false
rschmidt,qqKb7fH7j,false
ekelly,mhf5FXsTPUC,true
jmyers,pTKEoK0SedRB,true
gbryant,EV0ycBgRN,false
ddean,UDZroCrA94j,true
abennett,1vOQGQw0,true
dcarroll,MGFxLSTgN,true
mmorgan,S417unjMBK,false
pmorales,rZJktD71,false
fstanley,9ITkEy6dRrR,false
awallace,vsghBdw,true
ariley,I8FKMIV5,true
gmyers,UaVhqDHw244,false
jwallace,ZiAR05BMM,true
dmiller,ZQgJPJyq,true
eriley,wO8F1VDj8K,true
cdunn,1gAQH4rh,true
scarroll,1fmujYlJW,true
jrussell,3EwWbvIt,false
jsimmons,Ql4iiZ,false
rgriffin,xYigofAPPrX,false
cstone,eTg8Xv5pU9Ml,true
amorales,MsyfExn,false
awoods,OBQdUiF,false
ameyer,F7QArJJcR4X9,false
fchapman,gTyctrRvH4E,false
showell,SouySB6A,true
gmills,yB9Z8F5K18,true
rferguson,GxfgkuWeLf,true
rcruz,gMBePoqiQ,true
award,fX7WnbPvbxg,true
narnold,6Hx9oiaY4mi,true
jharvey,EGPN2L,true
ghill,lJ9NxRD3,true
khanson,uFT61Tcd8,true
kgomez,cx5MqZ3fU,false
jward,pSV3X8GG,true
mbryant,vhTJzQD259,true
cevans,Hm0KNe9k,false
smatthews,awJN5dUKxzq,false
lwhite,mV8yjnoz,false
amitchell,UCFvxM96o,true
shudson,snet8M,false
alawrence,hQXk9bN,false
malexander,4CSggUMFlXfe,true
sgarcia,bxjCvJ,false
dhart,Uf9H9PQ8c,true
eking,YdKRd8jz,false
sporter,DF8qbUdPxM,true
ngonzalez,Lao3AKNgMj7a,true
sfrazier,IJwjZ7,true
mperry,DRrYqc,true
gmccoy,QHlSoChhJ,true
bgarrett,tb2wio2M1,true
cperry,hhd9K5Qa,true
mkim,oaUnoiUG,true
hmason,p5xCeP3e9,true
rbarnes,I5nRm7M,true
dellis,vEhyc555GOxJ,true
taustin,swIxIwT,false
jmontgomery,5F81Sp,false
ssanders,tixiTrxji9i,false
msmith,1U0Fxk,true
wweaver,chK8U88s6,true
swoods,gyaeWJi,false
wmartinez,94xMdDMaIomu,true
rnichols,cuxykj9qRzWI,false
rmorgan,RTMJQw6Mq4,true
ahowell,N0YPDku,true
wrivera,MAYGHQOYNwe,true
kpalmer,v2rcPrJvl1,false
wrose,AVqU0VoKEYTz,false
caustin,aIPXYj,true
sromero,cWh1k4zlSdR,false
koliver,Pq4dihTP6K,false
mfisher,6puLGB8WI5Y,true
tsmith,NaCE7UzV5L,true
cpeters,JbGfr8g2,false
pcook,KZapHp,true
fflores,KUwpfrSHR,true
kharvey,fTcViHUHYlm8,false
shernandez,imnVgLe,true
nbishop,3WljpYdbK9uW,false
chenderson,cv15AlOQsF,false
pdunn,QGUo4VGn5,true
rlynch,OfSjV6B,false
wanderson,i3fG3Io,true
vramos,SwJ5QEV71h,false
lcunningham,pxP8Ki,false
jmcdonald,hzcIvWw,false
tbishop,53DNwmFao,true
tfox,kDGQU5rMKc,true
jbrown,IgIOgXS4Dt,true
cgraham,g79Ir4Pfm,false
jhamilton,8zUsrhZB,false
fhudson,IUYuWHkk6p,false
stucker,yVTSoZpsVlvw,false
aboyd,b3arJBWoe,false
sberry,ZWfV5W,true
wcunningham,5rtJE5P,true
awagner,TMmmjy,true
dgeorge,2b8lncVqsrHU,false
wmorris,62TyQqP7B,false
jdean,MYq2VD,false
hlarson,pMHnN5,true
freid,JAIvpNYXJc,true
gwhite,fpoPSj,true
adavis,lqYcPwNZ1X6,true
egrant,vMc8oCY,true
dkelly,IUOl5MYo,false
agreen,vJDlKH0pAk,false
rjones,0JmC0p2D,false
ecole,0fyBWywG,false
ahunter,Sj0ir2XaDYPx,true
jgonzalez,XFGqArAh0,false
afields,5EM36EC8,true
bhamilton,G0Hn33KBC,false
bbradley,C8FscjlPyn,false
tharvey,EerYmj,false
shenry,tty6an,true
mdean,arheFkO9,false
msims,TJv45dBY1qI,true
ffox,7lSsvmfWyKIr,false
jlawson,CColh7W2yBH,true
rfox,RMJZAZrdr8J,false
srivera,AFJZ2cSfBVq,false
jgarcia,BisJTfBStSyq,false
rholmes,CpYCu6Fcg,true
wreid,GDNYTDa68Rd3,true
adaniels,6rzbFDl,false
phicks,sEUuG3h2Q,false
thernandez,3cKsa0z,true
cstephens,ZjJEEKg,false
dfisher,8ZsxUzfEq,true
mmorales,NH3bxX,true
hjackson,eaR3DP4ka5y,false
abell,XZnxo5B4m7,true
fknight,GX6MqgVqOn3Z,true
vfuller,89FtoL,true
rarmstrong,dT59sSl8,true
hdaniels,5fG3Id4ya,false
phernandez,iRuhO8jJJK,true
jgreen,f2Lpl1AZtCL,true
aperkins,l8Q3rsdM,true
ebrown,KAo8No,false
lbanks,DI3H8cJ,true
bcox,IjZD4YU6GJC9,false
fnguyen,2WDBnqlDFBz,false
hbrown,iI92vAwJKA4,true
jgriffin,AvZFJ34i935U,false
bmontgomery,qcfex57To,false
atorres,AhtFLvJ8d,false
dgonzales,B4svgjMhB2,true
twright,7kNfS1e,false
swallace,mZOnKoyi2WQ,true
priley,9xMtzAYB3M,false
fbradley,w7bIO1z1fB,false
creed,5iDL3WYYp,false
wstephens,JwWUa1y,true
mduncan,GTsSPqR5,false
dsnyder,uH7oNPUsqQ,true
ayoung,SHGp00ATByC,false
lmorales,8Gqizq,true
crogers,njXu6p,true
swashington,qjW87ulEirk,true
ckelley,p8ieUjXNOj7,true
promero,JfhD2kaCN,false
rjenkins,RJojM0fy,false
rbutler,DJBhPIv28V,false
ejackson,F6dz4Eq9,false
ejenkins,JxyDesViJL6,true
rbrown,XZSyRTsvL9,true
cgomez,6I6lGc5oDLB,true
amontgomery,c3bRqdlYj,false
lross,sRrYSUqUHqSr,false
ppierce,6PUa4zx,false
kallen,wsOXs1bR,true
ahanson,hmfxdEQs,true
jwatson,WKqr9J7huzL9,false
hgarcia,kHHA7V,true
sgilbert,p3ccAlKOaxAO,false
tpayne,cWd3M8Y,true
khawkins,dIv17dgJ2P,false
lmedina,VnUnPJUQG2Bc,true
smoreno,tQI6upndstw,false
rjames,Xm8WMYd,false
kgonzalez,ErdTeKD,true
jreid,nxB1rB6,true
sflores,ETUFvlSFN,true
banderson,rfIwa0g2t,false
jpowell,8LwGqtoLFne,false
prodriguez,9xpYJqMJS,true
sharris,mdwYRwIa,true
rsnyder,iCvsyF1zY0,false
mwebb,R0wdHY,false
blane,lWjro7ck,true
foliver,wUan12h,false
slewis,hIquWjii4,true
janderson,3l1k6Ktp,true
clynch,fzGkiCNnXNY0,true
tcarroll,lV0uWb05,true
swatkins,zHAGnCPj5cA,false
wyoung,MzHEGgNw7R,false
vfoster,Jz8VImCRW4V,false
ltaylor,ZJ0lhBIZIkPn,true
mford,aKdjRQ,false
dhawkins,avvDHJ6i,false
vferguson,0XyMHdcvoiSS,true
hkelley,tLLuITAnplLR,false
smorris,JjTKPrPBw,true
bclark,HmKnRvTTHT,false
bhall,Mra4k0KBjs,false
jpayne,xsqb2FEGv,true
wpeterson,fFARXhQ,false
felliott,ldR33rqDCiK,true
twilliamson,KguyqXaIItm,false
acruz,YzwcPFv1lt,false
dcunningham,p6Q6wGQysB,true
dgreene,wJwyzdinm,false
efox,24VKHEY,true
gcarpenter,uHQG2X1uFnCS,false
mgreen,hpMM99Q,false
evasquez,tLVYllzRU,false
wreynolds,qaE7JDB,true
wkennedy,Vw9XZM8pOxz,false
jcole,aXypEIRGtp,true
jkennedy,DPaYO1PgdC,false
mhunt,ZtSnq5uE,false
wcruz,dL7a6W,true
hwells,6nAZzYh,false
lrobinson,dS8UNH,false
preynolds,DDbjGns,false
areyes,rlbcTJpM142O,true
srose,dqdVWiXUj7N,true
jgeorge,M3W9JXvbb,true
hsanchez,VUG8KMu,false
awebb,HzgVRp8y57S,false
mrice,8nEnPASaret,true
sreynolds,eVk4JClkXsl4,false
nkelley,hGUPhmSUSBiZ,false
jscott,B8wsfEQMc,true
tparker,QhxjD1RLJg2b,false
jrodriguez,SYZYsjbE0Z,false
pwest,Eo5tL5E,true
ctucker,xv2xWt8aLuD0,true
hhernandez,gigMOn91Dpv,true
phawkins,w7oqq2,false
crobertson,CaWkJkgpvF,true
tjackson,FFuL2hq7NE,true
sblack,8ukVVhrA5CsH,false
pkim,RZNCA2,true
krobinson,7kpHrQRUT,false
wthompson,6DbVv3MrrYaL,true
aspencer,WbGhpvusNlkK,true
llawson,7tgvO9h06r,true
jcarpenter,mAN2Xfp,false
vjacobs,edWSujea,true
jmason,Krohx4WV,false
tmorrison,vTWPDlslSGa,true
wrogers,dsmpFJ,false
ecox,M4t5Zww,true
melliott,KINJvPPS,true
sross,JWv6z3suLcoz,false
kburton,NSmFx95k,false
wgray,p4yQGvYBCC,false
holson,7LMi6R,false
dschmidt,8ZKXYD,false
afoster,gjIF5R8g3Sxj,true
fmorgan,874m7dsSmQ,true
driley,ONAJpg8zdTxc,true
dedwards,WvGHR6YQ,false
lwagner,AwtPZmurwsAh,false
jmoreno,HR1vISE8,true
rriley,Llo0dmd6VRmc,true
efernandez,ntfa2f2KyYU,false
briley,kcwkbV,true
rhart,bcDa7IUUH7,true
wgrant,q43pVaUwW81,true
pstephens,SKDx7z,false
tspencer,2d4Uks7JUCKv,true
chernandez,WOsjhi3e6,false
along,q9gg9Mm,true
spierce,FwckqxJ,true
lwallace,flrgUp16K,true
ahayes,CfvYQwv9GF2,true
wmoreno,1Bcm2LZ8OJN,false
rwelch,Jd9z9x6x,true
amoreno,kumJh6S,false
swest,olWxsnjI,true
dharvey,6iPVu0goAPV,false
bperry,jq7mv0x6,false
hthompson,h2MejgP,true
lpalmer,tQBfZ7rf6W,false
mnichols,cpgf9ICs,false
rsmith,EtdwH88vjz,false
cwells,dIClqsVabTo,true
whansen,4qEZPQInzk2y,false
brogers,9dlz3AcPCK,false
jfoster,jmq9yGuxl,false
gmorrison,o5kMGny,false
rallen,ERbOUp08,false
cbennett,3vysJosiXr,true
landerson,vuCl0bN6,false
tmorgan,pXNU7QLD,false
rfreeman,F8xvXCLe,true
hfox,hOqthW,false
lwatkins,M8mTVOTFVvt,true
jsnyder,yKo7eL,true
dnguyen,u5korPU2m6,false
rflores,0a0qVh,true
swright,ftGsQFWckpm,true
alynch,3xnhwy0GiYVp,true
ghamilton,2Z56b11,false
rmorrison,HH1IwPzo93t,true
tthomas,CO9XFIruf1,false
dferguson,OwJEXqHI1,false
llee,HBNrcarM,false
sroberts,JcWaqgcY,false
hmurphy,2q45Lze9Ah,false
gmorgan,sfaTXE1O,false
fmatthews,KZC785u6tt9W,true
pgeorge,ctIGgJbLz3w,false
raustin,eQ0kzRj9,false
tfranklin,rpxaDNCWna,false
rstanley,rdAiN4E4i,true
tmoore,zO28Lu,false
breed,qD3Lf5,true
eschmidt,27Snn8N7WN6,false
wgibson,dpiKAnS2ft,true
cdaniels,Ve8BjD,false
kkennedy,QUCWAYDob,true
folson,Skb9jJRBYzo,false
aflores,fKFYxds2bW,true
kbryant,yWF4RKG,false
lalexander,LcgMU3wFz,false
rburton,KbAlKIYS4p,false
pnguyen,BcLIdHN8z,false
jmitchell,pGnaJQ71N,false
ebanks,yqyJDk6Ewh,true
pgardner,Ir276ip,false
ccook,mOgTqEu6p,true
ljordan,BWLKxb5NP,false
rperkins,n2jdmixe89H,true
hcastillo,AdFhBIode,false
hlittle,UgdPkXEtp,true
ecampbell,r5dxN87,false
drussell,BZBkOWiKDtMg,true
rwest,zDKHk8oHmDaT,true
gfowler,QoXRyB5M,true
cfields,EcOyDdOeHMZY,true
dortiz,NFY9vLHX2,true
jfranklin,xzZEBpoCoja,true
rroberts,7kBZglnr,true
nwatkins,JQn5Il,true
mjackson,MrfnfvTfWweg,true
pwelch,jrph0j,true
jparker,M9B3X5,false
cpowell,94G10asw,false
emason,FgKn2lw,false
jbanks,8C6PaDjRZnhO,false
ghenry,21aLw5Dk,false
rstone,gSuUSu0nP,false
pfox,648Py0Yc4Hyg,false
wporter,IgW6mlBNw1E,false
sgarrett,URLeHJAAYW,false
rpalmer,pfry3pkBiE,false
ebradley,JyG3eXH0,true
ehunter,nEdmz49MYW4,true
enguyen,HNJBM24U1yy6,true
bprice,P5Dki9cOS,false
lhernandez,2LoGcrL,true
tolson,jTBVIOAC5e,true
dgriffin,rCYObnhjsgc,true
rortiz,1XPlVAOyPJLN,false
creyes,E5tBekg,false
ewells,XF2eGNr,true
dperkins,uiRYyfxhu,true
mreyes,iGh1YixS,true
kbaker,x8XFCR3Bl8,true
hfisher,P51s14HGb,true
cmcdonald,ytiDnDzgOk,false
pgutierrez,x004hid,false
rthompson,pFmx8G11xP,true
lholmes,zO3K78cskW,true
bsimpson,drZrFqPGs,true
charper,O2h41Fbip3u,false
tprice,z5YPHrhm,true
rmcdonald,piarRCAO,false
gwood,OMB0Ah6,true
cpayne,7hTHIF,true
bporter,EzqB4MRPOC9,false
cperez,SIP5jEbx5dz,true
revans,k8Qxj1UQLSFg,true
wferguson,gejPDdqB8,true
gpeters,5jW5qjcP4Ap,true
cgordon,Usm8SDHjMOA,false
echapman,Pps3I2,false
erichards,wffm52,true
fvasquez,mhoHbCFjbvE,false
swilson,04RgTQg,false
bhenderson,PbXxnbWdH6,true
gking,zYYmnqVinv,false
bmoreno,a7TT4j,true
dlane,EtVPJM,false
pwillis,uQAwmKcc,true
afranklin,reB8llp,true
dlittle,MbThbnQlNf0,true
lcampbell,UUK6DZo7,true
jedwards,dxXff8s,true
astephens,hsXyCiICK,false
darmstrong,UqxkcWHb,false
jwilliamson,n2rna1xzC0g,false
jbarnes,9nsWETMQB,true
jtorres,lGXCQ1,true
psimpson,c1hSUK1G6h,true
kstephens,Hozv1U,false
vdean,dOgQ2mto,false
cbrooks,4fIbdhru5kc,true
bhansen,eJWZjtT0DKWs,true
rolson,4Uh7l2SA,false
breyes,7MZtkgsfbx0,false
bgonzales,uTwLf1xVBtmu,false
whill,5s0xfn,true
wlewis,N7vPVI2clc,false
khernandez,67tUFZye,false
jstone,YunSNtQP,true
rcoleman,a0NWazpgUBQ,true
aalvarez,NbVoshIVi,true
eporter,o3MrJk,true
emiller,KWM7UUlkE,true
kpowell,X9xW75AnYHV,true
ehughes,1dzd8a,false
arobertson,VV4A9yqBgi,false
slittle,9mk7gkd,false
asims,t7urmLYdt,false
jrose,pNvl1Inb,false
blee,9Qom58wPj,true
rwebb,wrJ3jT,false
kcarter,QppqWn,true
etucker,uarj3k,true
tgrant,Ja7eRM,true
bray,rSPJdynx,false
aarmstrong,rmmhHmftg,true
scole,qBbl8vs,false
bburton,v7n9ElGOe,true
cwhite,ZwzV6NRIze,true
fray,QTVAhB7IxBQ8,false
rchavez,6xQYzGbvB9X,false
mwarren,pblOO1Sjau,true
hbarnes,m3uwSImi4,true
wross,8elBGkWZ4YZ,false
krobertson,6SiV6n,true
pevans,gNsRkI,true
dhamilton,zGQ5CI,true
pfernandez,YQq4NtLeAs,false
rgomez,6uthG1sB,false
gburke,KAuxH8vuiy,false
vstanley,D9ZQUg,true
ccooper,lVase8,false
tvasquez,gAMhJ30K3lH,false
gharris,iGn6kcl8Ln,true
pgarrett,rRB6oDdYAF,true
aharris,GfEvjXD7GUy,false
achapman,aKNWiWcVy,false
dpatterson,kaLJLYSZh,true
jdavis,jSwOuas2,false
jhanson,oudtKQP,false
awest,glnWXMPWDe,false
bkim,2cphwYVY,false
gbarnes,NkWxSQr4,false
eperry,YmLPCk6QW,true
mmoreno,h8Wns8cIT,true
fnelson,IwWFU2z4v,false
jadams,Zc7tQODcEf,false
ryoung,PsPxOPx,false
rwells,LRGP4n,false
cwilliams,zRUMgyn,true
jberry,gJCPxqK,false
cfox,mYUFDEiI12,true
ajackson,bj0IzBII,false
wbryant,Z0HGlJk1Jqkg,true
wgarcia,505f1OCvxEEP,true
jvasquez,5jhowuEY,false
hgreene,gh7Bjy,false
bgreene,wOEbeMh,true
bperkins,nCApMZ,true
khicks,k3k3Cjgy,false
gwagner,FoiVF6MH4G,false
jlong,357B1Y5j5aQ0,false
lstevens,oC1YXV1h,true
vwashington,rSwkETS6Eyx,false
hmorgan,8oobzZGxj,false
dgray,idh1Plhl,true
cmurphy,ogyq6o3,true
bmorales,EuRgTSL,false
bwebb,AfWKNbj,false
anguyen,eRGT4Um,false
dlynch,X6YXOibP3up2,true
tberry,UOU2vT,false
dcrawford,6LMCMdD5,false
barmstrong,ZNj3XXP,false
eromero,ED3ztDhjbUG,false
erose,bkuRxm2O,false
drogers,OTHwcrp,true
bstone,bO3k2gM214xi,true
rwalker,vKKkyV8NX9W,false
jalexander,fbK7FQn7S,true
aromero,T0PXjCysL,true
aperry,FnbRgg,true
hcampbell,jWnez4Red0,true
tmendoza,PwlPGJV,true
emorris,GR6RXoL,true
smontgomery,IcQubAZA,true
ajones,4EY1hpx0wu,false
csullivan,no3JtdFBphT,true
choward,XVr1SvwEA,true
jgraham,mTliceggbNZP,true
abowman,6Gsuw7cX,true
bmitchell,Y5TH2Dk,false
jreynolds,qsHdNDA2,true
bperez,OnFq6F9dX3Bj,true
hday,UEfewAzhf,true
gtaylor,azJDzM8DJGa,false
bchavez,UE9dJaU,false
bbishop,v1ujLIoUO,true
glarson,c3X87NE,false
lfuller,FEZAkWR3f,true
pmoreno,iNAbsWf,false
cburns,Ov89h5LJBs,true
jandrews,G3J5YwYlmfP1,false
kbanks,dhym47Ie7,false
jwebb,oxGz1fkbxY,false
cferguson,Bvjuddv,true
bortiz,46df7Pj69n,false
hrichardson,2UUUrX,false
jreed,PK2AdTojfclR,false
vbell,IwTV7yaMOGep,true
kporter,xhTa1lzI1,true
fhenderson,b5M9srxNFyl,false
fwoods,YO07my685nP0,true
ksimpson,ze7k3U2m,true
freynolds,CJ220H3,false
dmedina,ilBksg5,true
pellis,LknIUv9RM,true
rgreen,gtTzjrUO4,false
rbradley,3d4VAF,true
vortiz,iRdtkgnn5xn6,true
dhenderson,V3W0ZfZ,true
cbailey,BFg7Av25lA,true
gmoore,zk8iS439z,false
vcruz,UPYcHP,false
kfranklin,XT51kqC,true
jcunningham,9Scus1Eu,true
hmyers,fVUsU2,false
abrown,MySOvC7BD2,true
knguyen,OWnOVxuiAoT,false
lbowman,N6ZGbeWf,true
gwatkins,PDjhgAV0PH5g,true
tlong,aBxJyg,false
skelley,IhQmwxwT59bQ,false
bknight,bFJj6Sfp,true
twoods,IWraBs0W,true
sandrews,Tc1LfINT,false
tsanchez,VShIoA3zo7QB,false
creynolds,UK3SOdi9RaH,false
rdunn,amqv6gU,true
jrogers,HK08o8Bk3,true
rlarson,PoKqezftokYK,false
shall,acnzo4,true
sgonzalez,U33kTyGQr,false
mcook,uqqwTs6,false
nfrazier,hkzs60lHjI7,false
ldixon,jlEkstBDZz8B,true
cgonzales,0ZqWsg,false
hbailey,pPe9yQku,true
ndavis,7VVEI4d,false
ljohnson,aSGFLEY9Rqj3,false
drose,gaqQyJV,true
ereid,LUN4DQb0uME,false
jbell,NCj3iEj6lz,true
jfuller,SqdnZB,false
mwhite,vKPM1Q,true
mhenry,aw3g6Gvq7,false
jhenry,llKwj9t,true
lwoods,aMjoC3jseuyW,true
mwillis,sXBe3X7,false
mgraham,0A96LX,true
cblack,rQS3V5Tdo,false
cdixon,JxhKzq3u77l,true
whunt,WIfaSbHnQ,true
pgomez,Z1dMqWieAvX,false
hbell,iNVrn4mZ,false
hrichards,1lyaP7rTzM4I,false
chudson,1bqFR6F7I,true
bthomas,1XwcmxnSGEW,false
acook,xL8JfEZqSO,false
jgordon,F3q4uS91rG,true
pgraham,KEy3sF7z,true
ajohnson,RKkDNbnSFeYL,true
ccrawford,b0ey3HY,false
mwagner,p9TVA3ez,true
hmarshall,TEbPt3LOeJ,true
dmartinez,7pvv8Xtfz,true
aferguson,EXEjgDuh,true
hnelson,MgTatRs1s,false
pthomas,deOeKcCPL,true
sriley,KkyZQRAuc9x2,true
eharper,tp54ecw,true
ccampbell,nqGezso4,true
jbryant,STZYYCWJa,false
lolson,LqlxX0M,false
amartin,ELSzVuD0UGC,true
fcarpenter,L3oSKUrd,true
sturner,pdAxMl9vV,false
ecrawford,Q5MEmi6oOK,true
jrobinson,j8GVFg,true
earmstrong,QOjiAnmds,false
kbowman,1ENT7ru,false
rmoreno,m8UQ6T,true
dpowell,CkQSXF,false
wspencer,hhZ1OnVA3g,true
skelly,NZYyek,false
creid,Je5VuD,true
rrobinson,0nKM3MFW,false
alittle,P1sdm6kwyuP,false
emartin,mstkI6WTbb,true
pwashington,DhZ0aZjjg4X1,true
cknight,r2pKfYT,false
ewright,v3wDtroeahC,true
esanders,YfR6HU6fq,false
ewalker,4W65FkgpeAl,true
dcox,C5U9UiMIzc,false
sgordon,dBWLgEe7eMJw,false
hryan,acQy0MpjYLh,true
slawrence,zPW32xjzA,true
ljenkins,vaRKax,true
hrivera,iDUKaaz,false
erobinson,AbTOZqcTd,false
dmorris,Vo0D6MK8c,false
rjohnson,hy18wH,false
lrodriguez,5WRDYGF0Zt1,true
rphillips,YY8gLVD1CL,true
pburke,697pMTRDs,false
gmurray,d6d75Yh0,false
mriley,YeuiL85,false
hjohnson,ieSRfj73vl6,true
kriley,AircN1o,false
bhunter,cSAnlx6,true
jmiller,esrILnQ,true
cschmidt,BygGOCv,false
jcrawford,slJvPYcK,false
dwilson,7RCcRxn,false
rwilliamson,zEAuVtgEoQ,true
rburns,z5mtGYeUe,true
wbailey,MbLyTVxCv,false
tgibson,WCTMn7y2,true
rgray,ajCUDrPk,false
wwoods,HitfmVthP59,true
acollins,kWNVAGKb,false
croberts,k9tG3N1Ea,false
ppalmer,eej53P,false
garmstrong,JJT4gZ,false
mrivera,3AFdyLhKH,true
mhenderson,d3Rt6Hj,false
hgrant,ouTfAwEStUA,false
nwright,dEFbJTAjpsa2,true
gwatson,kVeniq9YJ7E,false
pmarshall,jLiPdNjp,true
wgonzales,2omjs5B,false
pjackson,4BGtBJPjDWju,false
blittle,K96odWS,false
ccastillo,e59Pmc14UCW,false
cmeyer,wzuRWIgU,true
kthompson,Jiyg4HDr,false
lbishop,txPmSkf4Rq,true
fwalker,Dc8JJr97,false
cmorales,RQ8y1dI6W8yU,false
jfowler,mX0CELVD,false
htaylor,XsTXTB0,false
lhamilton,xBuveQJ,false
mroberts,YslTup7,false
ejames,USGSGx,true
gperez,kdPLa7SSl5ZI,true
kgilbert,AEAJ0l4,false
hreynolds,k8W4SY8vR,false
dcampbell,11Vojqya,false
pwood,R4aXptEWsD,true
dandrews,l1I6WkhGzf,true
mporter,jgv8IBdEryS,false
kmontgomery,O7KdPlb,true
powens,TNzsjaYrHCdh,false
crichards,ppAj76PNsjX,true
awalker,63IXFn9bvuI,true
mbradley,XBzt4mFf,false
gnelson,7KjoW5wvXYFO,false
kwalker,zGbX02z,false
mwheeler,RHP1NiOEL,false
fcole,DtZMADw,false
scastillo,XNi2bTY,true
eramos,SLUSf9PSpZQ,true
bhanson,E8nZAF,false
gbutler,67r6dli0EfGi,false
tbailey,CxJaR9Vq,false
hpierce,T7IZde2DsjT,false
rcastillo,BThrxY,true
sryan,Y61T5do,true
jwilliams,JDrqHPIOI2ZL,false
ghicks,AbfECcYlUYC,false
bmartin,nmvFYK04,false
gmitchell,nq55tK,true
mallen,5NhP1qzx,true
whoward,JEWGIAO,false
bmorrison,ZGihdi,true
pfowler,Tt9aMIUw6ATj,true
dturner,MQOsLF,false
rhernandez,LY5TKgMS3l1Y,true
hbrooks,JAk1JsfANEyn,false
prichards,g9BuIxcHtOi,true
wgonzalez,ujfjPyfu,true
tallen,aA6sieDUxs,true
cgonzalez,UTK9UI,false
dmeyer,acyyoNmP,true
amorrison,U2D8Emylx,false
wrodriguez,m1SD5ZpahN,true
pnelson,UWl2bS,false
mphillips,3x2hbXE5j2pR,false
mwoods,flosXTrD,false
fhenry,MJI2EQTckfDO,true
epalmer,yRn2fT,false
jolson,Vo8AV4fhwNNo,true
hwagner,eYy5EL,false
dcarter,e6ETh1O,false
scarpenter,pRMecYq7oK,false
tlawson,mnTN0MZjuOq,false
dgomez,XzBDRVZIZkL,true
nadams,MDaDJ9,true
amurray,86PQFvnxSmnU,true
vgrant,bkzQ0ZE,false
pelliott,x0ZYnFuVbNfh,false
hperez,e8Gf9crzE,false
syoung,zPB3G90,true
dscott,ID0wZMXii6jN,true
lnelson,fSf0wYy,true
mfrazier,jLf1U4,true
ssimpson,RiaDRiDU,true
mryan,fMtjuOUciM,false
ewagner,WuWmqL,false
kjenkins,PFTeaqWANL,true
cscott,90ZsNC,false
jhudson,P3iC4F,false
pvasquez,oIpVUg,false
sharrison,w6s6RebJtwxH,true
cmarshall,41TmBDYjqINV,true
dtaylor,RJMnwb,true
gharrison,BEcltCOyLhaL,true
epierce,OkG62MQspt,false
aross,ak8f29NbiS,false
kmedina,VJIjli,true
afowler,ve5eUe,false
dwebb,NSPoznDe,false
dbailey,IwW1T0vhWM,true
cmitchell,hzhJipnGjR,false
aruiz,3PbhJH,true
wwhite,cyaiAE,true
jturner,9JhnPJ,true
jdunn,jJzQ84UtkRM,true
eowens,ppughkX2QO,true
jdaniels,bg1Bc62BT,false
kwilson,OMZkoT,false
dcarr,l8adlPNYQgHm,true
jallen,uz5c4ZwJdq2,false
hadams,h6bycdcq3,false
plittle,Gi2oQXns,true
smeyer,PGoAHuGh2b,false
bmorgan,Db6SYF7,false
phunter,YM7NOahsc,false
aadams,RYKWzoKimNdI,true
pfisher,quUavtf,false
rjackson,f0mY3Uvv9gQr,false
lhicks,adpEPGH4,false
pharris,PFGkDPvV,true
slawson,bWcvVzaA2M,false
sreyes,oHreGn0V,true
fanderson,NT4rSvfLqdb,false
rcook,fRqd9Zl,false
mjones,Qb6Zr5v,false
mcampbell,LUkU5qtS4l,false
clopez,37V1Z2ukkR3,true
smorrison,kcIC0k,false
kstewart,y9camYCg,false
krichards,RJ9WpsVsyhNH,true
cjames,ZogoGRZ,true
vcoleman,XEEwLbMUE,false
agardner,2Dd8Rn,true
dbarnes,yhiw0QmzUDp,true
dwarren,4z66tfB1oy,true
lhawkins,dZqmjZlcZ,false
pfields,rp2YeumDN,true
cgarcia,CXGB8eE5lQKl,true
tmeyer,thYqW7T4uFDd,true
kking,Ehiu1mB,true
aprice,5FQANJKkc,false
wstone,SeD5gHM,false
sjacobs,qfAaQeu,true
bharvey,9fpyttG3S,true
ggarza,rIAYEm1O,true
brose,Uo0CRtFV,false
apierce,fldsomnjII6H,true
rlawrence,vHuELr,true
jrobertson,iOVnYzDXG6h,false
asnyder,S39eEgN,false
jcox,GaRHqDGcy,false
tjacobs,53plyRxNmODm,false
wharris,LoMv4L3iq2,false
brivera,TlkIAWWj2WE,false
lporter,DZpsj0CFB,false
jellis,T4JnYcYYD7c,false
chunt,u2S80j6,false
cwarren,UZCphpEm,false
earnold,ZRlcwF,false
cgreen,BvWNTASzB,true
ahall,N9TDz5Cqhqws,true
ehill,jg2O8OOgaILm,true
lwest,8eb2mGS,true
eevans,fRQ7bYnM,true
sdiaz,FZKxcBIsQh,false
rcole,3I1RzXc,true
ecarroll,jfabHnmNzpQ,true
kevans,2GPhL2s9,false
droberts,Xv2Fjkb4VY86,false
spatterson,9AqUOFK,true
fsanchez,c8Vk0PXv,true
pmoore,YhaQZe,true
rfernandez,xNlg4LVu0X,true
rramirez,0EOh37S1,false
rfuller,QXfj6xM5vcaI,false
llewis,Ltcd0B1cs,true
arice,PT7tgBSI72ne,false
sarmstrong,guINHl46FPTu,true
emitchell,MZxOEqlel,true
kbennett,90d9dvvaH,false
twest,jIklkBGL,false
jwarren,PSFJAc,false
mkelly,2DlIjdO2,false
cburton,xUdKmbff5y9V,true
mprice,gjpWQw,false
rreed,UjmQ0BGmbtWF,false
ksnyder,KcUdIukkb1z,true
sthompson,53y3jbcx,true
dsullivan,r72jsrwV1,true
bkelley,iOx3Jo,false
rmurray,ReI0o8mto,false
bwoods,HEOdqRpiJ9s,false
jwest,P4fFostuw,true
wking,7nmiXzqmjof7,true
bmills,eBFQ3XMEuY,true
blewis,3P84UsskR6,true
gfranklin,oMauu5S,true
dlewis,BJMXIwbE7lEO,true
dthompson,b4c8ohPLmzM,true
fshaw,oLfbTZnAsI,true
rclark,0luAYxH,true
erussell,iGl03jIE4mp3,false
vroberts,XgTcsZ,true
mcastillo,LhnimmUQ2P9,true
eortiz,wSMrZgc2OBEa,true
cjones,u80wig5gMz7Y,true
cward,szk4Zl,true
eshaw,veFKiAXWnry7,true
dday,h3WBThNtyt,true
gmarshall,62mHcQQ0Ok4g,false
callen,Brq5Ai,true
jcoleman,PkEfwY,true
gmatthews,Z1DLJKr,false
cgutierrez,3FIZpwG9dN,true
esnyder,GVoyju3AFG7,false
mrobinson,XIgFA03B,true
jporter,JndqXU0dpN,true
emurray,UkBnjTKma1Gg,true
cprice,m8aIHd0,false
tfernandez,ZPGfBJOXFT50,true
bwhite,DmNSGq8X,false
cmendoza,o1MLeGtE9h,true
lhenry,f1YybE3GQumf,true
wdavis,1IaXrhpy1,true
wlynch,khI89YpJTY,false
halexander,XIxyLR3edw,true
cflores,kYu4RM,true
gjordan,y8fNQ0lltpO,false
pstone,0XpDtBcA,false
hcarroll,YrlZgxb8Ufu,false
shawkins,DitwzjY5F,false
thansen,MJ9nnc79tJVn,false
mfowler,jyVopc,false
ccole,Hc4otNM,true
srice,B5s9kJRQ,true
jthomas,odI8o4JQ8,false
dbryant,fKtnXl5G4tms,false
hlewis,M1jZeGKyeBk,true
shughes,e5iHW4kfC,true
probertson,r3fKkxj,true
rwilliams,HCmTOTilpYve,true
mlopez,buVzU5N,true
rharvey,bD8OQJLB,false
pcarr,b53NIL30j5mk,false
amatthews,WftRzGUoCq,false
rkennedy,lA6q3TdGbA61,false
tknight,bgDmny,true
twilson,cqL4vExMXhXA,true
dknight,SXyotgiO,false
edavis,1WJzTV,false
vporter,G4vW6vSX,false
tlee,E3rtmcMQP,true
dflores,5vcIBqYb3Tmq,true
areynolds,rMb7sMiuk,false
fwatkins,ekWMwBCkm,false
bmeyer,ExlzUWG,false
mspencer,2qP7OBonOxlx,true
vnelson,YECwHxfTl,true
jholmes,HX5XhmDGwubc,false
jramos,W9avgmxl5c,false
jfox,U8O7rglvDXkb,false
rcarpenter,icZlYpQ,true
rchapman,86WrHdVC,false
pbradley,eW5Mp00,false
wrice,1fny15,false
mlewis,8EOeDhzk,false
gspencer,8DKacgdVSyO,true
aolson,Ba0AlZBtjOm,false
cjordan,tXESrUssaX,true
rhawkins,QxysUKZZ76Pu,true
jharrison,wGMWBm,true
crodriguez,Jyv7zmv,true
nbennett,sFixxq,true
jsimpson,nhNhdPqL,true
rharris,EjPUtdkO,false
tramirez,wC3QGzwkCX,true
hhicks,jEb4YoSzKir,false
jbradley,T3nM05q,false
showard,0L0rQwrPV,true
mcollins,165uKh0ibpU5,true
wstanley,eNZX9i6,true
wgutierrez,0xr32ODOANM,true
hlawson,pWlp6NkxEoS,true
crose,1OsnQ8D0,true
jmendoza,hxOI9uBe,false
eburton,06VUkOgs,true
lbell,C4tC2F2,false
vwhite,2tShFuqZg,true
mburns,JqkHulHwpZ,false
thunter,B3eKFUP1S,false
pray,ouckRMws4v,true
brobinson,89YAbunZoeMu,true
smorgan,sFuFCT5n9IQN,false
hreyes,0T93fngH0RVa,true
sbanks,KMPURMW1fH,false
apayne,w3D8z0YEAt,true
rbryant,ehS0qnpaQ7J,true
dpeterson,yye7qLIgFOVM,true
sgonzales,iI7poUzN,false
mthompson,KoKvmvXHNkJ,true
ehernandez,5wBUIIq7h,true
rpeterson,Kd9LKHCEW,true
jshaw,9WgZvkn,true
twheeler,CCcH2ttC7g,true
wlarson,Oe8Enc2,false
nparker,S9vf9ojs8H4,false
hjenkins,qnMPuq0nZt,true
dparker,NiwimtMYr,true
wchapman,KxxNGHw96zO,false
rryan,4omRKl7tNq1d,true
mmoore,EXYl69,true
lwood,a2oBn4VIAJwa,true
sweaver,mPoJo4U9,true
sgardner,Tyr9zL,false
tadams,9S0nMvxgmC,false
lchapman,YDRZ06flFVJ,true
cmontgomery,IjrM8oK,true
hbryant,ZbA4bXTvbs,false
salvarez,1D7zprI,false
ggardner,qgdXWZI,true
pbrooks,APH1DWagg7,true
psnyder,TsffB75,false
hlong,sZpDXiBlIl,true
dcollins,fn9yArt,false
gwebb,28VQcQZ,false
mboyd,mvoZEN,true
grose,HCgpbvLb0,false
lberry,wMMtFKSQ,true
sallen,UoyLf14c9t,true
sbaker,fduO94V1WBn1,true
thowell,8rj375oiB1Ni,false
cgarrett,rHsPVKmwja,true
cgardner,AAfD3LDuG0H,true
ppeters,eSBnXi,true
elarson,1F6en4udHo,true
mgray,F0yJAYT,true
gprice,QrLoQRtKLY,false
preed,IebEkMxQzDn,true
tmarshall,afgKWBiaAll,true
jjohnson,IfHx7Wt,true
ewheeler,SbwdLCp,false
blawrence,81UY14zJ,true
hruiz,ZfYFFS,true
chill,4vjQF6,true
fscott,BNgdOVJ5Sx0,true
bhicks,I9HblN7KV6lr,true
ggordon,kwpjLSmCoC2k,true
emeyer,uc3ZQMwd,false
vgarrett,rEh9vVC,true
mbarnes,kUiAbM,true
ahill,iUvktl,false
nthomas,nuutRfnITO,false
pandrews,lTxKxN8t,true
mgardner,4nj7FtZ,false
jgonzales,LKitmM,true
lhenderson,E0a60o0B6Q,false
sscott,kh6DRwPR,false
mwest,lVMx1vH,true
wfields,7PnU8I,true
cporter,FmQZWlBnGv,false
dgarrett,qqtZQ9VitPNU,false
wsullivan,KGYukxpm8lx,false
blarson,whejHWdbwqv,true
rcarroll,6wVqxP4Dj,true
kmills,OxWnA9Up7,true
agonzalez,stU4HFCLSouh,false
sthomas,dOKDEAVcLuD,true
hnguyen,BAvU14UCO,false
swood,CM6SIn73V6M7,true
bcarr,5Nop1r60FVj0,true
gcole,qTiyAFPEix5y,false
pmason,y5UdnwPZM7,true
gward,DMAYzkep,false
smoore,uXRr4qPACh3p,true
breid,ETK2QvR9,true
mbishop,nkmbHKYv6,false
mburke,yqKL0TqOdjv9,true
bking,csODVYpnI,false
agriffin,GJz67iTd7,true
amedina,15zLD11C,false
avasquez,8iNRXrWgC,false
clarson,2OyipW4taOO,true
bfields,bqwwf9a,true
pjames,eCpbH0a,false
hnichols,xxoVjCN7L,true
wmatthews,til1HOe,true
hrogers,mBYYgWaoGPZ,true
wwarren,AD11Mda,false
chicks,psGD8j,true
wroberts,RW14uOz,true
ncole,D7tudModraW8,true
pnichols,2EoZFLnaPuH,false
mvasquez,dtEtkvo2,false
rrose,zLbFitMf9A,false
jwatkins,aKPTpG4,true
ckim,DLrcXIa,false
sjordan,aHRNSWYYR,false
ascott,D7pOrFX7,false
phughes,3KPg76,true
triley,29CKDfu,false
bchapman,sQaLH0swXAd,true
rwheeler,mTdR7BjPac4,true
phunt,olFUtJk6yN,true
mgonzalez,docr80H,false
gbowman,9yHt7M2,false
rstevens,XGIoWe2,true
mpayne,b5JNjO,false
hwhite,3TqHJZ,false
aparker,7QmkS7nVR2Eo,true
ebaker,Clzq83TSIuN,true
dblack,Aegyv9,true
wharper,9a8CSrC0uEKy,false
elynch,gUO0MC5O,false
kfoster,LeHC4r1QpeW,false
rwatson,Kje1JtW,true
dgrant,bsC4DsMlB,true
pfrazier,4uTxmmzjg,true
kweaver,FKuhtWbjMoR,true
hfernandez,FjHYER,true
ctaylor,9sg7T2rRg,true
pkelley,r8VCDFn6a,false
klarson,HBmgOCACaZU,true
plarson,O8Msb1IQf,true
rmontgomery,Jot3RfI2yKl,false
pdaniels,BXj6zXdmnzt,true
ebell,ChPfhjhklm,true
bkennedy,XEh2x3WYIk,false
wpeters,c1uifu7,true
bcarpenter,VUAU2Jev,false
lpeters,9idzmV,false
msanchez,pWwtEDaOG,true
rduncan,JLyUCVb2Z,true
sfields,jtKxHian,true
rthomas,xgAwTJIv5RZ,false
rreyes,fM94o5,true
rjordan,5YUGpDthDn7,false
echavez,HGuTfTG,true
sbailey,IVIhNW8WfMVG,false
fgarcia,oSqTIIt,false
grichardson,qd5CxvzKs,true
hmorrison,7xY3DUyJ,true
cgrant,P5Qzd8V3Uja9,false
sdaniels,0Obgfcgv4zM,false
tnguyen,w2XSaTWDV,false
rlee,wwMOvl1xR,false
agutierrez,EJsUgHNeHN,true
wmedina,aVb2vvR7,false
gcox,GfCk5CN,false
smitchell,fXOtWNC7K8Gi,false
cmills,9sITSn97uF,true
jfreeman,1turI94l,false
sstephens,bjg9XxRI,false
dmills,3Dg8j276G,true
drobertson,gRL70vjqGR,false
sduncan,nGLpWVl,false
gsmith,704DrdJg1vC,false
kwatson,a9FsdwRUX,false
aramos,kKGamR4m,false
truiz,BxWwkeNG,true
cbishop,7R0mnzOzRoC,true
tharper,sbEAjr,false
bstephens,QcLtsODDh,true
tcollins,0yJKpC6LO,false
bfrazier,NimeE3Ege,false
mlawson,x2EmBaNCOcWD,true
rweaver,LYUtm7Ge,false
hjacobs,NK0kCV33,false
ghunt,L0DWDCNf,false
jchavez,hdyKgJhCZkt,true
rparker,a6KLrW126KyZ,true
aburton,M3jwdcisZq,false
kwelch,5CfuMuo6,true
aedwards,fLOnibdvkRh,false
jhunt,kWYPkP3,true
scruz,5VKXRAA7A,false
rknight,qLy5HMGCJBM,true
pperry,E8U4Xj5hC,false
wcole,clsFq9gJ9O5I,false
ehawkins,jOXdJDZiF5,false
poliver,l9GJvMzCiFHa,false
ljohnston,oHhUE8w8,false
agraham,NfZDKK73bvS,true
randrews,Ki6tAAGT,true
gcampbell,OlKwwtfj,false
vray,d8AIGFdA,false
brice,YtY5FRP9p9Rz,true
edunn,XHWmqCNfsYki,true
plane,sGd9fd,true
pcole,zDHpEIsb0,false
kcunningham,AA8pa5rhI9,true
tgraham,W7fFXbQ7ce9y,true
wjackson,qzkqBIH3G9,true
erichardson,7fso8GZl,false
epatterson,yu7lVH,false
bcollins,fJvEOl4OEl,true
dgutierrez,ZfuPIrIEaEH8,true
dreyes,o2Vm5mXcnY,false
epowell,v2GkeNm9245r,false
cpalmer,ZqddcoKFYM1T,false
egarrett,Uw3gF0Wyb,true
hramos,S0lJCcu5vqW,true
jfisher,kLZHCnL,true
dshaw,itFcFI,true
dwoods,pQrcV2B,true
jgrant,DkRs0MtZT,false
ematthews,aeJXnsUI,true
astewart,yPklRAex,false
belliott,eGJAra,true
nrose,N7f18ja,false
estewart,fs52qGDGK,true
lpeterson,IxevCeXP,true
klynch,4SyBphihfhj,true
malvarez,RPl4Uk,true
csims,7JzOcZ0qK7v,true
bcarter,SdhCFFeNu1O,true
gmeyer,CONP31t52,false
rperez,CksLLn,false
tmatthews,b65s590aF9aN,true
aford,uSJJpC,false
bramirez,ZhZhqB8Pvi,false
bhowell,EB57pB2v61DG,true
bowens,eKjcj0zoFRx,true
vbradley,5d7QFOPQQf,false
hblack,upX0b376sBR,true
nmcdonald,wKs2wlCNH3iv,false
ajenkins,bDD34L7k4hD,true
dlawson,06Ukpw,true
mpalmer,TYpxTYoZv,false
relliott,U8A3Ow,false
lryan,5aIVfG5L7,false
fhughes,2J63dkr2IIG,false
kgordon,oqAmU8kmjr,true
pcollins,4nlbJjl,true
bhudson,UbMjZQpJOG42,false
rwood,DZllTuShQ,false
tmills,CgGcRy5Mi2q,false
abarnes,45BRKCxpe,false
thenry,stFV3o5,true
bsnyder,7SsM1yF7,true
dhowell,U6Yh4KYL,false
jlittle,WPUYxLe4a,true
afisher,C0dkvTB8vvZ,false
tstewart,6pu6JHQuwTps,false
shamilton,UJX1jg6N,true
amyers,aYVLTbGCS4,true
sbennett,RZDSks,true
mmitchell,z07HUrdl2,false
rkelly,65jZD9W,false
lpierce,M08qOy7NbOL,true
rhall,XG8TskDN,false
spayne,FS1uTOr3kQ08,false
amurphy,CQBlI0bDPuQ,true
bcook,QZBlny6V0hAO,true
ccarroll,fhrHLA,false
pgibson,Wc7mEjj,false
klawson,fjI8vDKgGDO,false
charvey,U3AiGB3o1,false
tdixon,crxdmRNo,false
gortiz,wvr1Fa,true
gramos,HOvS0I983GUk,false
barnold,Co3yLdL5e,true
jmoore,c6HztujNedW,false
mfoster,LrdfAjC,false
schapman,VPDGH9cxIF4N,true
mhansen,Tkr3zDt,true
smendoza,JlpWWT2rw,false
ssullivan,87hxa3,false
wburton,43v9P10,true
kmitchell,jJF66x,false
lfox,P3nxTAj,true
proberts,Ii9wchFNi4rF,false
hgeorge,UJpGh8oTyhOp,true
gbanks,J8Vc7lHmz,true
tmorales,uIo6Rsx,true
tcarter,b2FoAc6C3z,true
ktorres,pPmzXTxoFZRA,false
jhart,CihoTSU,false
mgriffin,hwz3HQOrf1,false
hpalmer,MaH2TmQWKF,false
krichardson,e7w9MCpzQ7E,false
pedwards,WeBIYi,true
ljames,G9jBTi,true
dgraham,YGUyR6YScK,true
wmendoza,Fm3FRifR5,false
sjames,otAzB7o0,false
rwagner,s0Ceps4SL1yG,false
rdavis,trHHzfAU,false
ataylor,GZXh6nzQyv,true
ncarr,S93DvcF,true
kmendoza,i9i2f4,true
asmith,BO1Qg8,false
dwelch,tGqkLk73gtE,true
gholmes,9FwTglhB0o,true
cjohnston,LBQtXPbfL,true
bolson,FZoKFPFukd,false
rhenry,Zw39aHyJ,false
dfuller,sDCbmOIxM8,true
sstevens,ACxwKH7O1j,false
alee,NoEHE9eCY,false
kjackson,pvBySyh,false
dgarza,s4lOlFsWU,true
fwilliams,28JEkD0,false
lgarrett,aoKsTqFCBs,false
galexander,Tbz63vcJ0Mqs,false
tperry,FgiessFa88tO,true
hpeterson,UYP1n0fzQLx,false
hmitchell,GUtFfKTaheBA,false
phall,3TvrGFwNC6nz,false
drivera,KwsFNsTPnhY,true
mmurray,YTIF5QNhpb,false
cclark,jtqH4Aj7N6,false
eknight,ZO1cv42,true
wriley,hjtZJmPk,false
hholmes,dRRfdJ,true
lsmith,hwV1Gki,true
ewilliamson,siyNdjGGxYKM,false
bjacobs,zsVL7j7w,true
aortiz,VCidzab,false
friley,Kivmezg,false
woliver,8XkM9wOXZf,true
pruiz,Ei7PRoNMT,false
mpeterson,d1TqnFny,true
troberts,RRHyParj,false
enichols,9eV5unHOj,true
cwagner,7gk6IRasztCF,true
hdean,3dyHq9Osy8FV,true
dharris,tHHayt4SrO3L,false
hdixon,FpBeLiTAN,false
smyers,j4FZz2u,false
gevans,EkpMlwni74,true
cwoods,KKV7kfa,true
nfranklin,SYYQblTb,true
warnold,nZNYt1TSEl,false
mross,V5OmFil,true
fjordan,GsrrxvsyOvt,true
sfuller,oQkKwO38j9p,false
rstephens,toazbyfskd,false
blynch,n4K9I4hc,true
gedwards,bpNwUqQWF,false
gmcdonald,3u8Zl6ig,false
bbanks,1GvYjZ,true
kscott,03fdKWI4,true
smurray,w3J7U7,true
hgilbert,xnFwBaUGaKW7,true
flopez,BNGC5Er9Yz3Q,true
kortiz,JGe7Tf,false
vgriffin,7ssK8Oo4,false
dcarpenter,cX6VfFAPPXAw,true
rlewis,tmNNerzniaUr,false
dsanchez,0xPPNNDn,false
wfoster,5jIaTW2CXcY,false
ejohnston,LIXqv84,true
agarrett,fjhqjP7pvJ38,true
ahudson,1cPyvgTQ9sG,true
sjones,sk3phXIJ5f,false
pkennedy,hixg25r77xx,false
kspencer,qdVJIxeyA6O,false
hbanks,SR4HXXF98,true
rgonzales,BGnqaBd5eIxl,true
jcarter,c2TIvbEQyv,true
tperez,BXUDcmMm9EJ,false
psullivan,zmqBWLU07w,true
crivera,PgzijaUNCNhq,true
gmurphy,OidKSzHk0HM,true
lburke,fl72RnyWhMp7,false
egomez,3ios1UgOiQ,false
jwelch,3M6aaxihxX,false
tfrazier,aRjop6Vkx0X,true
vbishop,zUbGWReuQ,true
hgonzales,Ksb4H8oAvN,true
bharper,FUnyv2bivpS,false
bsimmons,WMBiyhKx,false
wmorrison,8j5sBWbX0Pr,true
srussell,jKSC7T0NVYg,true
bgarza,Z3sB8De1,true
wmartin,AbZPhhY,false
aallen,r1K7exJn,true
tgonzales,yQgHo3xDqf,true
jhansen,UvpZxLqI0S,false
fhunter,immR4D9,false
gjames,f3y5UpCL,true
privera,78QJwN,true
dwright,EHx4tgo,true
joliver,soFZ5twG0c,true
price,2dSGSyTKca,true
hdiaz,wVmuqg,false
jhill,YMWWjlk8pCkz,false
tboyd,m5WsrkakI4h4,true
eberry,GeHiNUyFSzP,true
danderson,RJYS15,false
cthomas,AaFzmE4xjI,true
wbarnes,GPAnSz2QpIwM,false
flawrence,heRhPWIJu5,true
bsmith,zl5MmQL,true
pmontgomery,xELubzzOg1C,false
solson,vUU1RL412,false
pmurphy,r1uz9SFZx,false
plawson,IZ3v9RHY5,false
sbowman,d6qimXZJ,true
ffrazier,IFVruws7C,false
lfisher,nXVI4X,false
nwagner,Mj8H0nfJzWI,true
mlee,z5nWYP,true
tarnold,1YGMRjK5uG,true
chayes,hm6NIR,false
cfranklin,A8BqAIcbyBY,true
mjenkins,YlcC1dVK,false
ngardner,RmLo9Dv55,true
coliver,aWYTWP1miA,false
pphillips,WcTLDvY8P,true
cbutler,NRLJBD4,true
dwest,zEaA1jqo1oHZ,true
sbell,xDAd6M6m,true
mcox,urGJJwHBVq4,false
dallen,0b4DOgPvu,false
pramirez,XXSDUKD2o,false
esimmons,E3U3SbydzxsA,true
fmills,ypEJwUhaPhN,true
wshaw,BoqVxBtEiPFr,true
dbennett,l4LbkL,true
ckelly,AJXicae0pQu,false
nrichardson,EI8HPSquNhE,true
aknight,FNBEV2ws,true
wfranklin,M4SBjqTIwSN,true
fgreene,31XvAdko9Ka,true
rmiller,o5q3w8coh,true
devans,cPJcJXy,false
lbarnes,T0BaJ7DfxX,true
jjordan,rT8khGx2,true
lweaver,4vogZIr3VXF,true
brichards,rM9H0kYria,false
lsims,vEnNVZ,true
areed,AOWUacTE2LjU,false
wcampbell,ltAQggz0z,false
ereynolds,aUHNQxa2,false
bruiz,5obay2Xnduw,false
hfranklin,tDOleuHSwm,true
tandrews,lfZlzh,true
halvarez,jbzsnfkL2,true
vlynch,nxGZjQxlT,true
sdixon,oMeRGqqDK,true
aelliott,WAfSFj,false
kroberts,7m9ixEyOq,false
cdean,OEqXYdIh9j,true
dfreeman,9CpothsNwtPr,false
clawson,q9rjslPh,true
bwallace,osWdBm,true
galvarez,9cTT6L,false
mnelson,5eEVIccs26,true
shansen,Fk2Szy0UCBW,true
cwatson,h3gjB0A,true
rcunningham,tlGyw9UtX4UL,true
mlane,8L6VZB3PWjO,false
lmurray,IKN7XrewXk,false
sbrown,byK7IePPV,true
dlong,gOvQasH7Y,true
hwilliams,hXRqxYt,true
kmoreno,dOeUAAWWbhY,true
aanderson,VJpXxp,false
fbarnes,7VkuMkDjWB59,false
bbutler,cNSK1N,true
cwilliamson,m74jGpo7WgD,false
ashaw,w9mxue,false
bcunningham,NSZk6m,false
pgriffin,miLFyaxMC,false
gmartinez,TXUaEQP8,false
spowell,B50y4KjyqVKB,false
emyers,EvKFnOVZp,true
cperkins,qmJmkc,true
gwilliamson,ISHHMvYGlvsu,true
bgutierrez,2Y7mJrV1KoZ,true
wbell,4ArrHgl,true
salexander,uwb6IVeHcDmc,false
dray,OfQErYtabaok,false
egordon,wV4w7mwf38Ky,false
hweaver,A695tiT,true
lhanson,cfEDpOZ4Y,false
frose,ZktqLg,false
gfoster,v2AW99v06Iw,true
progers,7k3uiEdtfqB,false
ccollins,BA8cjYpO9K,false
hcook,qr85Gchiy,true
mmills,v6fbUA,false
ffields,c3ZeVrKcIlzi,true
kcoleman,H6MfseajKXTp,true
sjohnston,WUc9N3sUGu,false
mlynch,MCuyECCRww,true
wsmith,WGl1yD8,false
kgreene,mjNAUN1ueM,true
dhill,DmqHUMfiEf6B,true
jschmidt,RDi9hlB,true
welliott,N2MxA0sgVyf,false
rellis,nXGLCt,true
sking,kqSzhER,false
rowens,thI7k8a,false
erobertson,xy4YotgFyg5C,true
fharrison,kGTZpTHo,true
mharris,ZQzID1eyqD8,false
tromero,GsNVf2,false
jray,lQxqyddFaFp,false
redwards,BHL5PeG,true
trussell,YoMElKSO,true
ebishop,sr30N2lvPV8s,true
tyoung,Z6PWWfIxQT,true
tevans,imiVN6jrjly,true
dfoster,iV8KwlB,true
egray,yvsC78ceIhg,true
cmartinez,JjSu7arW1X,false
hwatson,enBec5ze7cb,true
pgordon,dZoaHUCuD,true
bhart,Vjmtm8yq3,true
dmorales,Bz2BuSy,true
pmatthews,EEftqAcpcwq,true
fwashington,9iwviCChTBAb,true
kgibson,MkbP2M8UNgn,true
mknight,wgnvQcKw,false
pbutler,k4jcCdp3JS5D,false
efoster,s4oiCBYkw,true
wsanchez,xCji4HldXp,true
bwright,hkrhNEVF,false
bryan,rlpt6t,true
aturner,1RcWSQpGtI,false
wallen,kjPU7NCy5,false
kcarroll,w9cOpw5NURrA,true
hcruz,rV50iHShaCyN,false
sfoster,ArfMtj6,false
awashington,qnBCFdsO,true
afernandez,uN8mwPC3,true
vgonzalez,I7Anagn7D2,false
csimpson,Fmq1bdAW9Ss,true
cadams,lH2LAXVue,true
cgreene,W96g0Iq,true
eweaver,xdfJM2m54,false
wpierce,XPhEYygHj,true
dbell,B12SZi,true
tbanks,vWEa8FHdcn,true
shanson,lfbMQdqiFXpp,false
srichards,Iog10KsAFOo,true
sgutierrez,EcRZmIFq,true
bthompson,mb7UCBfC,false
cbanks,BTGN1DiCK,true
lharvey,nLTNNw,false
wjohnson,Cs9DYMrOJW,true
mhart,VGfpyqe0jlaj,false
pporter,oDUhC4f,false
kreid,wvRgxNu,false
gwheeler,ITAQwE5,true
tgarrett,U1txlmaH4ObX,false
athomas,3MhwX8Ltp,true
rrice,gj3GnSSQFR,true
ralvarez,gixQPA5uiu,true
rnguyen,ax9W4mC5x,true
rporter,kNwb0Qh,true
ejohnson,Tm58I9dWVpe,false
wgriffin,LmiSblyODQz,false
kedwards,5M9uTh8DgUt,false
bdiaz,lHib2zj7,false
dmartin,ehbknC,true
landrews,EQZafMj29xS,false
vlopez,mmXIqSKuMTzo,false
lmills,YHQGKl,true
fwilson,EAWrrNkj,false
aperez,yYbS4he,false
abaker,mwgeZBmg,true
khill,NVDuxRDkCjCy,true
sferguson,RhXNtd7,true
nalexander,SqUa8x4shp,false
kreed,lWi7nvb1r,true
cgray,5kMpYC7,true
sknight,B4PVCaU6z,true
snichols,aporGZ9c,true
cfisher,nOd2ZT4,true
colson,kbXqbGfF6hW,false
sstone,ArYAW963hpD,false
nreed,4SYjH1XEF,false
asanders,SPACl77kg,true
rfields,gUGnMNV1,true
apowell,1aJw9z,true
hpatterson,pVdc8lXH9,false
wcoleman,ZWmrvItT7Q,true
rrogers,cRTfOiXM,true
ghart,2qPJdr1Ano,true
ehudson,aM2vDv4e3n,false
ehunt,8JvocWJ4PL,false
lriley,Jq279Vrp2jaX,false
bhill,O6UVonRn,true
rsims,IMPaHmvnDXU5,true
ggray,97wmXU,true
dmcdonald,CR1ldw9,false
alopez,VZmzXVuT2aA,true
gmoreno,OSqkkxl,false
tburke,eV548T67m,false
hpowell,uiqm0o61I7,false
rmyers,MxB5rd,false
rrobertson,Wghcm06,true
jarmstrong,qdXy2Uzfs,false
kday,fiaN7Ti2,true
athompson,DnpUOufmGogQ,true
daustin,TfIOsvCv,true
elittle,P2qJi6lJu5u2,true
rward,kbmE3zV,true
radams,JdRPtEKb,true
hfowler,1unfnQye,true
ealexander,SNhJafN2zTNd,false
flong,1dbd0Yr,true
bhenry,NIP4zMJs,false
nmartin,GhQav6,false
dwood,7BELxBmkhN,false
bcarroll,6UOYNKS6QV,true
moliver,a9knzN,false
hray,FSZiQRsdGTMa,true
bward,HqeW7hR97,false
saustin,Oz2iYtZ9FIN,true
nstevens,UIX1x15ww5,false
hthomas,GZcADQ,true
esullivan,t2bUyXS,true
ebennett,KPt2jb49IPY,false
dfowler,ZBmNtcnL,false
jgutierrez,8DOu60qw6S,false
hcox,lC8RW9la,true
vhowell,aKM1c9uK1,false
eallen,3RqiPFzl5,false
fmartinez,xsYQL3hkVVF,false
srobertson,A2PRlV6zayd,true
rwhite,Vx6uDMnBT,true
alane,k1COeFkOlN,false
jjacobs,cwLgCAYAEiK,false
hgray,t7P8XdK6h,false
dlarson,3IpdTBqmQ,true
kjordan,BLOOE9spfFH,false
hmartin,LtcS2SqCl,false
cwillis,j021WVLG252x,false
nhudson,WIkeiW,false
bpowell,DAzrlV,true
bday,TCkZRpbjY,true
mmorrison,7uoUt4oc,false
mrose,HCmU502DXbVN,true
dstone,ol3Inc,true
gparker,I7RfSay,false
gturner,s2fUtDx,true
dmoore,jJasjWMewi,false
ccarr,6ih3ABbuIkvg,true
dross,O6xJYWuPaWDf,false
llawrence,fdrcDT,true
thamilton,xYblWcfb,false
asimmons,GUcTqVoq,false
llong,ERLJSB3SPpb5,true
dboyd,ZSg5JxpHv17z,false
wmccoy,5Ae8ZqrbpGRU,true
sshaw,ASjxBG1Jz,false
efisher,Ett96y6,false
aray,UwaK0hLSQ,true
sgomez,axdEpb9p3,true
wjacobs,hYWrGf5rf,false
amorgan,KWgtXktXIxIP,false
darnold,vpnpujn,true
cmartin,Sk6KdnTh,false
srichardson,qTp6tBY2,false
vruiz,YewYlzjl,true
kburns,r3rr9XQYi5OQ,true
rboyd,jj5PzBcgGz,true
jgarza,2yeSEi8ZG,true
tstevens,XoQMLJI0,true
acastillo,Ul6FaRcSNifs,false
rbell,Evy76ItbMg,true
cwashington,sobwKOtuopk2,true
gcarter,f4RjYz4k,true
npeters,uKhvjsSE,false
kturner,hJGrDaaSi,true
pstewart,egsCQWqr7SV,true
ksanders,WP6PgdAJbD,true
twashington,dVniiW,true
nrichards,D6ohQ3At,false
kford,J70JMyO,true
scarter,HIB2FL9j,false
egardner,yajnt6n54ZB,false
scrawford,NnvKOCW0HQOK,true
bwarren,VKhJH7OgzQ,false
rjacobs,9YF0r67,true
tscott,W1SN5VWtY,false
eharrison,D5fkLVzIhIXC,false
dhernandez,LGHyDmp,false
kdiaz,uzhxVN,true
wwest,WhzLlXuoiF,false
pharper,W1GNglIC,false
vlarson,Li38yOb,false
cnichols,Yld76XTb9o,false
bwheeler,WGxSu6I,true
ghernandez,cWh8xQfUyEFF,false
pmedina,SMtrlHyQ,false
wwallace,bymdcMQxPVo,true
kdunn,pjrc4k7NgKB,true
mburton,07NGQz,true
sfreeman,VJtfrzR6EAD,false
sellis,OFm6jxWJqPa,false
kjacobs,QBttxi,true
mmartin,9GmGrd,true
bbowman,PO2j9o5SASI,true
phenry,EbyZ5Thv9,false
tgray,hXO1Vr5PzFPc,false
emontgomery,dTI9yq9,false
lwilliams,sFMOOA4h9,true
fwagner,DDzIUQ6Xie,false
gwashington,DUuxK3FenopQ,false
kwright,4FQ0lsrs28,false
trodriguez,Qyg8crhlAMT,false
flawson,J1nhtJkfYi,false
tbennett,O9IQ1eV,true
bdixon,C7BCKsb,true
acrawford,QwRSOk67,true
hturner,3On4cSjwr,true
bmurray,JY2O8PEKSWp,false
rjohnston,6crmgXg4,false
fwarren,W518SGYdkVCf,true
rbishop,0MwW4WS,true
cmyers,gFkvTvC,true
mcoleman,mCuncV8OBI,true
gporter,TVhRFln9JP,true
tpatterson,uAFqzSGzd,true
hcole,sd6ycWz7G,false
agarcia,tNodmbp,false
thart,sEM89wLBzEq,false
lknight,C3yCzA9,true
dbutler,tzpILXx,false
wford,fBTPynBY3eu5,false
cpierce,12dIOaIxvC3,false
hgardner,sGJEo2Ige,true
twelch,uiU5ztFn,false
lray,Dg8HDxc4,false
wmcdonald,famd2yZvQP,false
cbaker,zUTZZNHc8,false
ahicks,P0oxip30e5M,false
emccoy,coS8ue2fsU,false
vreid,wPIlMsq5cn,true
emoreno,rGs9fE,true
kramos,yiGsF5A4,false
probinson,gscsCD7am7,true
cwalker,90MoxgpHeTlM,false
aryan,f2YQhln,true
bgomez,Ssd1rOPNOk,true
mperkins,MSG9P9nnRs,true
hwebb,XfqVlM,true
nfuller,z0mqp1,true
bfox,NEZN2xirb,true
mchavez,fcN5iVraFGf4,true
wboyd,akjjLwZ,true
ghudson,gSSfnvQ,true
epayne,rRUROaBieD2,false
vhamilton,zNAGDRPClka,false
mray,96dMlH,false
cmoreno,SDmhw5,false
eflores,lj6gybuT,false
mwallace,7NTZDlYkubpW,false
afreeman,yO73OghKI,false
mfox,sSAfIuzuWyRB,false
asanchez,ciP3QEN,true
scunningham,r6l6JlpmMmPZ,true
flittle,IHNncJU,false
vlane,kGSIc2,false
sfernandez,aUmg4Y,true
kwillis,8wt0zQ8TuW,true
bcole,cz8fdG,false
nnguyen,N73xg2gJ,false
tmitchell,hnMAeaSH3bE,false
mgomez,M5t6BZVTc,true
csimmons,Y2rEOcrvNIr,false
boliver,OIb8A6qjY75,true
cmason,fDqDUK,true
kramirez,ogpggkZQ,false
cgeorge,E5vvrs,false
bholmes,8GggcWNA5Br,false
fblack,uPUGsm1jP,true
mferguson,w6vDXng2,true
tgarcia,QZV6TCRyWn,true
tkelley,z7ootJPSU,false
bburke,a2DvJTSaFm,true
rdean,0H33Lr1tL,false
fgomez,0x3A5Nvamk,true
bharrison,SEWz1DhsVPfV,true
fgonzales,UDyKjydjD9,false
dstevens,DLhjLr,false
smorales,XZ3JW7WI,false
csnyder,mlockOY6h0,true
shicks,VzalaizZ3uIm,false
dgibson,svWEoQgvF2S,false
kgeorge,p4eDl7TFTK,false
fsullivan,q1WSxIQ4WR,false
fallen,eJopO6W8,true
kcole,fYECOC,false
prose,Q5VVhvfnH4,true
grice,WHzTv3Kb,false
eclark,VnAKxBWLHT1j,false
polson,x7VXkuj,false
fstephens,RAYtMMdME,false
wtaylor,veI0prIm,true
lharper,TQVQLZk,true
hriley,vSxD7RyyXIk,false
ballen,WjsBJ2l6M,true
paustin,rSlxQn7ob,false
hharris,q6pL1o4G6ALr,false
eolson,0YRvV1n7lPpX,true
tford,Mxb9h1sbxClc,false
ftaylor,WxqPKYhMmE,true
mhamilton,itffjdwk6,true
fgeorge,ZUEAUbaK,false
rsimmons,QAphYqlCoZ5,true
sgarza,TMhS8AAjBo0x,false
ghayes,N4VYtoGBkU,false
bfuller,4H7lVhWYW,false
lgibson,Opew6Koco,true
sarnold,emRnR6dCMUXl,true
rwallace,WYYymqXswR,true
lfrazier,EiEr6BL4WX,true
pboyd,y7jN3xG,true
kmoore,iGfrup2x,true
emorgan,ABB7JJIep,false
vrobinson,ov9jEULN,false
nshaw,0GXZ722t4bSh,true
dadams,h7NMxRTUTgBI,false
pprice,Hb279u8o,false
sgriffin,VVXasi1mfz,false
cbrown,bIo2Bn,false
nchapman,f7fWnvP1JadG,false
khenry,0N7MtoBO,false
mmiller,0BJXCYNdF,true
wmiller,LNUf8bWA,true
sowens,13vQzC6Opx7,false
ngilbert,VxOOtptmI,true
abradley,LewHuw3FNeEi,true
mbowman,bXx3xYnGJ3Vq,true
walvarez,zJ2yMkwFYL,true
bschmidt,PvulEaRRfdVi,false
bross,rW5irpImG,false
vpowell,Rak4DRi4FfKw,true
hperry,Hsz4Hx,false
blopez,mmxBH1nRp,false
gcastillo,vho0Kz9,false
bwilliamson,gcDjod,false
bwagner,Va4g9Be1Z,false
hwheeler,hWEiLpzjMVns,true
sevans,DLdJQ5HRi,true
hcarr,5ovGGXoIWnC,true
lflores,C1TFXNX7C,false
skennedy,lziSxY4YgNHQ,false
kcox,mCeg7gFs,false
dbowman,MEaSqjR,false
rbaker,orc6KSuUh4yV,false
djohnston,0SfgPpe,false
tcox,ag7iIaH6XX,false
lhoward,l7VYP6VfyS4,true
mwalker,Qm7VisVZz,false
wcarpenter,sfgjASBXVbix,true
criley,QfGH1wF,true
flane,0F3aHbKq,false
tkennedy,Kph70ut6L,false
sperez,vSrplwx,true
mharvey,t89KxKeNH9,true
dsims,jG64b0SKRnCt,true
ekennedy,HnLHgV6F0jOm,true
rhill,3oywyE,false
gday,xvbQNji1x11w,false
whowell,uoie2Y30erG,true
mhughes,Xs84zdzYvj,false
gellis,DANN9sqf,false
nmorrison,vQfArn,true
wbennett,Vcmd126JLjpf,false
dbaker,oXubgaIo4Ju,true
gsullivan,VZ6y9zdcw,true
sperry,Pdf0tRnSpCAs,false
vfranklin,6I3N7U,false
psims,BvZVh8hr4j,false
adunn,yVcuBp,true
jhoward,oMMAAheyUUWo,false
kray,SvS6M86B,false
sanderson,GfczBr8Du,false
pday,jBqJEaZz5nk,false
mhowell,pbAtQu,false
aberry,zBPlLrDPdS,true
gadams,zX1wiKQ,true
lyoung,MOvb4f1,false
pgrant,cVI2bqs,false
lreyes,7RlZcKhAl,false
kbarnes,UUP6UH,true
ehayes,7XC44jp48HS,true
akelly,42vMoVVQ7A,true
hgarza,25QfBMpmr,false
wprice,SWx8GLiytmLT,true
scook,NTWHiIX,true
vlawrence,O7AoOTlY,false
vlong,GygZdtSrRTwx,false
speters,IJD8OXwxkEe,false
sgreen,8TNRe6bN,true
ereed,xuVsNJF,true
wreyes,PiD1LVaC7,false
kkim,jsG00OhzpKQ,true
dstewart,jOxXEnRgtkG,true
gburton,1E2Y8tCb3Df,true
pcarroll,pszTmqSryC,true
npalmer,nwlG9XS0,true
tfoster,TxpC79rKqe0,false
brichardson,Wc3hDv2iJh8e,true
delliott,PUMCL69EUN7,false
lkelley,3xaT8imVZ,true
cfernandez,LHKUu0kr,true
hharvey,6rInEi9b7ZM,false
kmccoy,w9rik4pH3,true
hromero,KlhLsF9,false
ebarnes,gnsOKBj7l,false
dalvarez,CzJy9VE2G5y,false
njordan,4rx9de8Kc6,true
cwatkins,EbKll38l,false
hgonzalez,sLNs1j,true
rfranklin,2bs6Rx6,false
gpowell,AEXRRLhaN,false
mmorris,2bPXT6RHLdM,true
hfuller,pzFLfevNLn,true
mrogers,mVbxa5zVT9Lc,true
wnichols,VbZzOnZHucaR,false
jnichols,hiDxSeGw,true
sholmes,eVBfwlhul,false
hcarpenter,9eYG4WycU,true
rstewart,966a7CIp,true
mwilliamson,fyjHQv7AVHuq,true
cyoung,QvzNhWv5bMvi,true
bmurphy,aEzHvbVcEhu,false
gromero,MCaseSZLe,true
hjohnston,Eo00ecxsxTQ,false
wlawson,urveMdPNU,true
fgilbert,lalybG7bk0,true
ajacobs,4iTb4wNRHUcr,false
dmurphy,jOVJE4RBCZx,true
ejones,C3F8T4qwdeF,true
pwhite,yY2v1uax,true
mwashington,CtdzBVbPS,false
acunningham,HIFt7A,false
rmorris,G6i42q,false
ldavis,xoUZS4U3,false
lellis,wsxXknh,false
cross,5qCDiY2dSa,true
kfisher,0GihAVpElcfp,false
lprice,lqa8GFzpZmc,false
amendoza,mGeFhUR7eK,true
gjones,sxMYQX,true
eparker,HwKLseXEDSBy,true
ncruz,fvSnAa,true
ahughes,CjiDKA9vF,true
rwoods,z7DIPhVJiYU,true
eprice,FYc2tMOl3G,false
gyoung,GHmjLQxFgJ,true
bwatkins,OiIoUeiuByg,false
swheeler,xLlard7clcO,true
klee,7574Rf,true
hdavis,wtl9UmZ5hO,false
jhayes,KhNb1PzoT,true
erogers,EACCs5aG,true
fsanders,CmWIFTneBnmG,false
plee,zdlqTXy6Xz,false
fhansen,Mu4hgIdTA,true
gduncan,7S5tsOJPwx,true
kalvarez,pSEtf7,true
lramos,B7fQt1,false
mharrison,ckBWHzVE8qK,true
fhanson,8DJQ3Z,false
framos,JEESGJb,false
fthompson,6ZpwCZ,false
fhart,t0YCx2wc,true
ajohnston,EUGE7qh,false
wmyers,otmeIq4K98,true
tarmstrong,kuZLAkYBHzQ1,false
wfox,hC66eIL,false
froberts,pBVfFOD,false
kwarren,sNwCLg,false
afaucher,bidule,0
